timestamp,temperature_C
2025-09-11 01:37:59,47.4
2025-09-11 01:38:00,52.35
2025-09-11 01:38:01,56.2
2025-09-11 01:38:02,55.65
2025-09-11 01:38:03,56.2
2025-09-11 01:38:04,57.3
2025-09-11 01:38:05,58.95
2025-09-11 01:38:06,59.5
2025-09-11 01:38:07,58.95
2025-09-11 01:38:08,59.5
2025-09-11 01:38:09,60.05
2025-09-11 01:38:10,58.95
2025-09-11 01:38:11,60.05
2025-09-11 01:38:12,60.05
2025-09-11 01:38:13,61.7
2025-09-11 01:38:14,61.15
2025-09-11 01:38:15,60.6
2025-09-11 01:38:16,61.7
2025-09-11 01:38:17,61.7
2025-09-11 01:38:18,61.15
2025-09-11 01:38:19,61.7
2025-09-11 01:38:20,61.7
2025-09-11 01:38:21,63.9
2025-09-11 01:38:22,63.35
2025-09-11 01:38:23,63.9
2025-09-11 01:38:24,63.35
2025-09-11 01:38:25,62.8
2025-09-11 01:38:26,63.9
2025-09-11 01:38:27,64.45
2025-09-11 01:38:28,65.0
2025-09-11 01:38:29,63.35
2025-09-11 01:38:30,65.0
2025-09-11 01:38:31,64.45
2025-09-11 01:38:32,65.55
2025-09-11 01:38:33,65.55
2025-09-11 01:38:34,65.55
2025-09-11 01:38:35,65.0
2025-09-11 01:38:36,65.0
2025-09-11 01:38:37,65.55
2025-09-11 01:38:38,64.45
2025-09-11 01:38:39,65.0
2025-09-11 01:38:40,66.1
2025-09-11 01:38:41,65.0
2025-09-11 01:38:42,65.0
2025-09-11 01:38:43,66.65
2025-09-11 01:38:44,66.1
2025-09-11 01:38:45,66.1
2025-09-11 01:38:46,66.65
2025-09-11 01:38:47,67.75
2025-09-11 01:38:48,66.1
2025-09-11 01:38:49,66.1
2025-09-11 01:38:50,66.65
2025-09-11 01:38:51,66.65
2025-09-11 01:38:52,67.75
2025-09-11 01:38:53,67.2
2025-09-11 01:38:54,68.3
2025-09-11 01:38:55,69.4
2025-09-11 01:38:56,67.2
2025-09-11 01:38:57,67.75
2025-09-11 01:38:58,68.3
2025-09-11 01:38:59,68.3
2025-09-11 01:39:00,68.3
2025-09-11 01:39:01,68.85
2025-09-11 01:39:02,68.85
2025-09-11 01:39:03,67.75
2025-09-11 01:39:04,67.75
2025-09-11 01:39:05,68.85
2025-09-11 01:39:06,67.2
2025-09-11 01:39:07,67.75
2025-09-11 01:39:08,66.1
2025-09-11 01:39:09,68.3
2025-09-11 01:39:10,70.5
2025-09-11 01:39:11,69.4
2025-09-11 01:39:12,68.85
2025-09-11 01:39:13,70.5
2025-09-11 01:39:14,69.95
2025-09-11 01:39:15,70.5
2025-09-11 01:39:16,70.5
2025-09-11 01:39:17,69.4
2025-09-11 01:39:18,70.5
2025-09-11 01:39:19,70.5
2025-09-11 01:39:20,69.95
2025-09-11 01:39:21,71.05
2025-09-11 01:39:22,72.7
2025-09-11 01:39:23,71.05
2025-09-11 01:39:24,72.15
2025-09-11 01:39:25,71.05
2025-09-11 01:39:26,72.7
2025-09-11 01:39:27,71.6
2025-09-11 01:39:28,71.05
2025-09-11 01:39:29,73.25
2025-09-11 01:39:30,72.15
2025-09-11 01:39:31,72.15
2025-09-11 01:39:32,72.15
2025-09-11 01:39:33,71.6
2025-09-11 01:39:34,72.7
2025-09-11 01:39:35,71.6
2025-09-11 01:39:36,73.25
2025-09-11 01:39:37,72.15
2025-09-11 01:39:38,72.15
2025-09-11 01:39:39,73.25
2025-09-11 01:39:40,72.7
2025-09-11 01:39:41,72.7
2025-09-11 01:39:42,72.7
2025-09-11 01:39:43,74.35
2025-09-11 01:39:44,73.25
2025-09-11 01:39:45,74.35
2025-09-11 01:39:46,76.0
2025-09-11 01:39:47,73.25
2025-09-11 01:39:48,72.15
2025-09-11 01:39:49,72.7
2025-09-11 01:39:50,71.05
2025-09-11 01:39:51,72.7
2025-09-11 01:39:52,72.7
2025-09-11 01:39:53,74.35
2025-09-11 01:39:54,72.7
2025-09-11 01:39:55,74.9
2025-09-11 01:39:56,73.25
2025-09-11 01:39:57,73.25
2025-09-11 01:39:58,72.7
2025-09-11 01:39:59,72.15
2025-09-11 01:40:00,74.9
2025-09-11 01:40:01,74.35
2025-09-11 01:40:02,72.15
2025-09-11 01:40:03,72.7
2025-09-11 01:40:04,74.35
2025-09-11 01:40:05,73.8
2025-09-11 01:40:06,73.8
2025-09-11 01:40:07,73.25
2025-09-11 01:40:08,73.25
2025-09-11 01:40:09,73.25
2025-09-11 01:40:10,73.25
2025-09-11 01:40:11,74.35
2025-09-11 01:40:12,73.25
2025-09-11 01:40:13,73.25
2025-09-11 01:40:14,73.25
2025-09-11 01:40:15,74.35
2025-09-11 01:40:16,73.8
2025-09-11 01:40:17,76.0
2025-09-11 01:40:18,74.35
2025-09-11 01:40:19,74.9
2025-09-11 01:40:20,74.9
2025-09-11 01:40:21,74.9
2025-09-11 01:40:22,74.35
2025-09-11 01:40:23,73.25
2025-09-11 01:40:24,73.8
2025-09-11 01:40:25,74.35
2025-09-11 01:40:26,73.8
2025-09-11 01:40:27,73.25
2025-09-11 01:40:28,74.35
2025-09-11 01:40:29,73.8
2025-09-11 01:40:30,73.8
2025-09-11 01:40:31,73.25
2025-09-11 01:40:32,74.35
2025-09-11 01:40:33,73.8
2025-09-11 01:40:34,73.25
2025-09-11 01:40:35,74.35
2025-09-11 01:40:36,74.35
2025-09-11 01:40:37,76.0
2025-09-11 01:40:38,73.25
2025-09-11 01:40:39,74.9
2025-09-11 01:40:40,74.35
2025-09-11 01:40:41,74.35
2025-09-11 01:40:42,74.35
2025-09-11 01:40:43,74.9
2025-09-11 01:40:44,76.0
2025-09-11 01:40:45,74.35
2025-09-11 01:40:46,74.35
2025-09-11 01:40:47,74.35
2025-09-11 01:40:48,74.9
2025-09-11 01:40:49,73.8
2025-09-11 01:40:50,74.35
2025-09-11 01:40:51,72.7
2025-09-11 01:40:52,73.8
2025-09-11 01:40:53,74.9
2025-09-11 01:40:54,74.35
2025-09-11 01:40:55,75.45
2025-09-11 01:40:56,74.9
2025-09-11 01:40:57,76.0
2025-09-11 01:40:58,75.45
2025-09-11 01:40:59,75.45
2025-09-11 01:41:00,76.0
2025-09-11 01:41:01,77.1
2025-09-11 01:41:02,76.0
2025-09-11 01:41:03,75.45
2025-09-11 01:41:04,76.55
2025-09-11 01:41:05,76.0
2025-09-11 01:41:06,75.45
2025-09-11 01:41:07,77.1
2025-09-11 01:41:08,74.35
2025-09-11 01:41:09,76.0
2025-09-11 01:41:10,76.55
2025-09-11 01:41:11,76.55
2025-09-11 01:41:12,76.0
2025-09-11 01:41:13,76.0
2025-09-11 01:41:14,76.0
2025-09-11 01:41:15,76.0
2025-09-11 01:41:16,77.65
2025-09-11 01:41:17,76.55
2025-09-11 01:41:18,77.1
2025-09-11 01:41:19,76.0
2025-09-11 01:41:20,76.0
2025-09-11 01:41:21,77.65
2025-09-11 01:41:22,77.1
2025-09-11 01:41:23,76.55
2025-09-11 01:41:24,78.2
2025-09-11 01:41:25,77.1
2025-09-11 01:41:26,76.55
2025-09-11 01:41:27,78.2
2025-09-11 01:41:28,76.55
2025-09-11 01:41:29,76.55
2025-09-11 01:41:30,77.1
2025-09-11 01:41:31,77.1
2025-09-11 01:41:32,76.55
2025-09-11 01:41:33,76.55
2025-09-11 01:41:34,78.2
2025-09-11 01:41:35,77.65
2025-09-11 01:41:36,76.55
2025-09-11 01:41:37,76.55
2025-09-11 01:41:38,77.1
2025-09-11 01:41:39,77.1
2025-09-11 01:41:40,77.1
2025-09-11 01:41:41,77.1
2025-09-11 01:41:42,78.75
2025-09-11 01:41:43,77.1
2025-09-11 01:41:44,76.55
2025-09-11 01:41:45,78.75
2025-09-11 01:41:46,78.75
2025-09-11 01:41:47,78.75
2025-09-11 01:41:48,78.2
2025-09-11 01:41:49,76.0
2025-09-11 01:41:50,77.65
2025-09-11 01:41:51,78.2
2025-09-11 01:41:52,77.1
2025-09-11 01:41:53,77.65
2025-09-11 01:41:54,78.75
2025-09-11 01:41:55,78.75
2025-09-11 01:41:56,76.55
2025-09-11 01:41:57,77.65
2025-09-11 01:41:58,79.3
2025-09-11 01:41:59,77.65
2025-09-11 01:42:00,77.65
2025-09-11 01:42:01,78.2
2025-09-11 01:42:02,78.2
2025-09-11 01:42:03,78.75
2025-09-11 01:42:04,77.65
2025-09-11 01:42:05,77.65
2025-09-11 01:42:06,77.65
2025-09-11 01:42:07,77.65
2025-09-11 01:42:08,80.4
2025-09-11 01:42:09,77.1
2025-09-11 01:42:10,79.3
2025-09-11 01:42:11,74.9
2025-09-11 01:42:12,77.65
2025-09-11 01:42:13,77.65
2025-09-11 01:42:14,77.1
2025-09-11 01:42:15,79.3
2025-09-11 01:42:16,78.75
2025-09-11 01:42:17,77.1
2025-09-11 01:42:18,78.75
2025-09-11 01:42:19,78.75
2025-09-11 01:42:20,76.55
2025-09-11 01:42:21,78.2
2025-09-11 01:42:22,77.65
2025-09-11 01:42:23,77.1
2025-09-11 01:42:24,78.75
2025-09-11 01:42:25,77.65
2025-09-11 01:42:26,79.3
2025-09-11 01:42:27,78.75
2025-09-11 01:42:28,78.2
2025-09-11 01:42:29,77.65
2025-09-11 01:42:30,77.65
2025-09-11 01:42:31,77.65
2025-09-11 01:42:32,77.1
2025-09-11 01:42:33,78.75
2025-09-11 01:42:34,77.1
2025-09-11 01:42:35,78.2
2025-09-11 01:42:36,79.3
2025-09-11 01:42:37,78.2
2025-09-11 01:42:38,77.1
2025-09-11 01:42:39,78.2
2025-09-11 01:42:40,78.2
2025-09-11 01:42:41,78.2
2025-09-11 01:42:42,77.65
2025-09-11 01:42:43,79.3
2025-09-11 01:42:44,78.2
2025-09-11 01:42:45,78.75
2025-09-11 01:42:46,79.85
2025-09-11 01:42:47,79.3
2025-09-11 01:42:48,79.3
2025-09-11 01:42:49,79.3
2025-09-11 01:42:50,79.3
2025-09-11 01:42:51,78.2
2025-09-11 01:42:52,78.75
2025-09-11 01:42:53,78.2
2025-09-11 01:42:54,78.75
2025-09-11 01:42:55,78.75
2025-09-11 01:42:56,79.85
2025-09-11 01:42:57,78.75
2025-09-11 01:42:58,79.3
2025-09-11 01:42:59,79.3
2025-09-11 01:43:00,78.75
2025-09-11 01:43:01,78.75
2025-09-11 01:43:02,79.3
2025-09-11 01:43:03,79.85
2025-09-11 01:43:04,78.2
2025-09-11 01:43:05,79.3
2025-09-11 01:43:06,79.85
2025-09-11 01:43:07,80.4
2025-09-11 01:43:08,79.85
2025-09-11 01:43:09,80.4
2025-09-11 01:43:10,79.85
2025-09-11 01:43:11,79.85
2025-09-11 01:43:12,79.3
2025-09-11 01:43:13,78.75
2025-09-11 01:43:14,79.85
2025-09-11 01:43:15,79.3
2025-09-11 01:43:16,79.85
2025-09-11 01:43:17,79.3
2025-09-11 01:43:18,79.85
2025-09-11 01:43:19,81.5
2025-09-11 01:43:20,79.3
2025-09-11 01:43:21,78.2
2025-09-11 01:43:22,79.3
2025-09-11 01:43:23,78.75
2025-09-11 01:43:24,78.75
2025-09-11 01:43:25,79.85
2025-09-11 01:43:26,81.5
2025-09-11 01:43:27,79.3
2025-09-11 01:43:28,79.85
2025-09-11 01:43:29,79.85
2025-09-11 01:43:30,79.85
2025-09-11 01:43:31,80.4
2025-09-11 01:43:32,79.3
2025-09-11 01:43:33,80.95
2025-09-11 01:43:34,80.4
2025-09-11 01:43:35,79.85
2025-09-11 01:43:36,79.85
2025-09-11 01:43:37,80.4
2025-09-11 01:43:38,80.4
2025-09-11 01:43:39,79.85
2025-09-11 01:43:40,80.4
2025-09-11 01:43:41,80.4
2025-09-11 01:43:42,79.85
2025-09-11 01:43:43,80.4
2025-09-11 01:43:44,79.85
2025-09-11 01:43:45,80.4
2025-09-11 01:43:46,79.85
2025-09-11 01:43:47,79.85
2025-09-11 01:43:48,81.5
2025-09-11 01:43:49,80.4
2025-09-11 01:43:50,79.85
2025-09-11 01:43:51,79.3
2025-09-11 01:43:52,82.05
2025-09-11 01:43:53,79.85
2025-09-11 01:43:54,79.3
2025-09-11 01:43:55,80.4
2025-09-11 01:43:56,81.5
2025-09-11 01:43:57,81.5
2025-09-11 01:43:58,80.95
2025-09-11 01:43:59,80.4
2025-09-11 01:44:00,80.95
2025-09-11 01:44:01,80.4
2025-09-11 01:44:02,80.4
2025-09-11 01:44:03,80.95
2025-09-11 01:44:04,76.0
2025-09-11 01:44:05,79.3
2025-09-11 01:44:06,82.6
2025-09-11 01:44:07,80.4
2025-09-11 01:44:08,83.15
2025-09-11 01:44:09,80.95
2025-09-11 01:44:10,81.5
2025-09-11 01:44:11,81.5
2025-09-11 01:44:12,79.85
2025-09-11 01:44:13,81.5
2025-09-11 01:44:14,82.05
2025-09-11 01:44:15,81.5
2025-09-11 01:44:16,80.4
2025-09-11 01:44:17,80.95
2025-09-11 01:44:18,83.7
2025-09-11 01:44:19,82.05
2025-09-11 01:44:20,82.05
2025-09-11 01:44:21,82.6
2025-09-11 01:44:22,80.95
2025-09-11 01:44:23,80.95
2025-09-11 01:44:24,82.05
2025-09-11 01:44:25,82.05
2025-09-11 01:44:26,83.15
2025-09-11 01:44:27,82.05
2025-09-11 01:44:28,82.05
2025-09-11 01:44:29,83.7
2025-09-11 01:44:30,83.15
2025-09-11 01:44:31,80.95
2025-09-11 01:44:32,82.05
2025-09-11 01:44:33,82.6
2025-09-11 01:44:34,83.15
2025-09-11 01:44:35,82.05
2025-09-11 01:44:36,82.6
2025-09-11 01:44:37,83.7
2025-09-11 01:44:38,83.7
2025-09-11 01:44:39,81.5
2025-09-11 01:44:40,82.6
2025-09-11 01:44:41,83.7
2025-09-11 01:44:42,82.05
2025-09-11 01:44:43,83.7
2025-09-11 01:44:44,83.15
2025-09-11 01:44:45,83.15
2025-09-11 01:44:46,80.95
2025-09-11 01:44:47,82.6
2025-09-11 01:44:48,82.6
2025-09-11 01:44:49,82.6
2025-09-11 01:44:50,83.7
2025-09-11 01:44:51,82.6
2025-09-11 01:44:52,82.6
2025-09-11 01:44:53,84.8
2025-09-11 01:44:54,83.7
2025-09-11 01:44:55,83.15
2025-09-11 01:44:56,82.6
2025-09-11 01:44:57,82.6
2025-09-11 01:44:58,82.6
2025-09-11 01:44:59,82.6
2025-09-11 01:45:00,82.6
2025-09-11 01:45:01,82.6
2025-09-11 01:45:02,83.15
2025-09-11 01:45:03,82.6
2025-09-11 01:45:04,83.15
2025-09-11 01:45:05,83.15
2025-09-11 01:45:06,82.6
2025-09-11 01:45:07,83.7
2025-09-11 01:45:08,82.6
2025-09-11 01:45:09,82.6
2025-09-11 01:45:10,83.15
2025-09-11 01:45:11,84.25
2025-09-11 01:45:12,83.15
2025-09-11 01:45:13,82.6
2025-09-11 01:45:14,84.25
2025-09-11 01:45:15,83.15
2025-09-11 01:45:16,83.15
2025-09-11 01:45:17,82.6
2025-09-11 01:45:18,84.25
2025-09-11 01:45:19,83.7
2025-09-11 01:45:20,83.15
2025-09-11 01:45:21,83.15
2025-09-11 01:45:22,82.6
2025-09-11 01:45:23,83.15
2025-09-11 01:45:24,84.8
2025-09-11 01:45:25,83.15
2025-09-11 01:45:26,82.6
2025-09-11 01:45:27,83.15
2025-09-11 01:45:28,83.15
2025-09-11 01:45:29,84.8
2025-09-11 01:45:30,83.15
2025-09-11 01:45:31,83.7
2025-09-11 01:45:32,83.15
2025-09-11 01:45:33,83.15
2025-09-11 01:45:34,83.7
2025-09-11 01:45:35,83.15
2025-09-11 01:45:36,83.15
2025-09-11 01:45:37,83.7
2025-09-11 01:45:38,82.6
2025-09-11 01:45:39,83.15
2025-09-11 01:45:40,83.7
2025-09-11 01:45:41,82.05
2025-09-11 01:45:42,83.7
2025-09-11 01:45:43,83.15
2025-09-11 01:45:44,82.05
2025-09-11 01:45:45,84.25
2025-09-11 01:45:46,85.9
2025-09-11 01:45:47,84.25
2025-09-11 01:45:48,84.25
2025-09-11 01:45:49,83.7
2025-09-11 01:45:50,83.15
2025-09-11 01:45:51,83.15
2025-09-11 01:45:52,83.7
2025-09-11 01:45:53,83.7
2025-09-11 01:45:54,83.7
2025-09-11 01:45:55,82.6
2025-09-11 01:45:56,83.15
2025-09-11 01:45:57,82.05
2025-09-11 01:45:58,82.6
2025-09-11 01:45:59,82.6
2025-09-11 01:46:00,82.6
2025-09-11 01:46:01,83.15
2025-09-11 01:46:02,81.5
2025-09-11 01:46:03,84.8
2025-09-11 01:46:04,84.8
2025-09-11 01:46:05,83.15
2025-09-11 01:46:06,83.15
2025-09-11 01:46:07,82.05
2025-09-11 01:46:08,83.15
2025-09-11 01:46:09,83.7
2025-09-11 01:46:10,83.15
2025-09-11 01:46:11,83.7
2025-09-11 01:46:12,83.7
2025-09-11 01:46:13,83.7
2025-09-11 01:46:15,78.2
2025-09-11 01:46:16,82.05
2025-09-11 01:46:17,82.6
2025-09-11 01:46:18,83.15
2025-09-11 01:46:19,83.7
2025-09-11 01:46:20,83.15
2025-09-11 01:46:21,83.7
2025-09-11 01:46:22,83.15
2025-09-11 01:46:23,82.6
2025-09-11 01:46:24,83.15
2025-09-11 01:46:25,83.7
2025-09-11 01:46:26,83.15
2025-09-11 01:46:27,83.15
2025-09-11 01:46:28,84.25
2025-09-11 01:46:29,83.7
2025-09-11 01:46:30,82.6
2025-09-11 01:46:31,83.7
2025-09-11 01:46:32,82.05
2025-09-11 01:46:33,83.15
2025-09-11 01:46:34,84.25
2025-09-11 01:46:35,84.25
2025-09-11 01:46:36,83.7
2025-09-11 01:46:37,84.8
2025-09-11 01:46:38,84.25
2025-09-11 01:46:39,82.6
2025-09-11 01:46:40,83.7
2025-09-11 01:46:41,83.7
2025-09-11 01:46:42,84.8
2025-09-11 01:46:43,83.15
2025-09-11 01:46:44,82.6
2025-09-11 01:46:45,83.7
2025-09-11 01:46:46,82.6
2025-09-11 01:46:47,83.15
2025-09-11 01:46:48,82.05
2025-09-11 01:46:49,83.15
2025-09-11 01:46:50,83.7
2025-09-11 01:46:51,83.15
2025-09-11 01:46:52,83.15
2025-09-11 01:46:53,83.15
2025-09-11 01:46:54,84.25
2025-09-11 01:46:55,83.7
2025-09-11 01:46:56,84.8
2025-09-11 01:46:57,84.25
2025-09-11 01:46:58,83.15
2025-09-11 01:46:59,84.25
2025-09-11 01:47:00,82.6
2025-09-11 01:47:01,83.7
2025-09-11 01:47:02,83.7
2025-09-11 01:47:03,84.25
2025-09-11 01:47:04,83.7
2025-09-11 01:47:05,84.25
2025-09-11 01:47:06,83.7
2025-09-11 01:47:07,83.15
2025-09-11 01:47:08,84.25
2025-09-11 01:47:09,83.7
2025-09-11 01:47:10,84.25
2025-09-11 01:47:11,83.15
2025-09-11 01:47:12,83.7
2025-09-11 01:47:13,83.7
2025-09-11 01:47:14,83.15
2025-09-11 01:47:15,83.7
2025-09-11 01:47:16,83.15
2025-09-11 01:47:17,83.7
2025-09-11 01:47:18,82.6
2025-09-11 01:47:19,83.7
2025-09-11 01:47:20,84.8
2025-09-11 01:47:21,83.15
2025-09-11 01:47:22,81.5
2025-09-11 01:47:23,84.25
2025-09-11 01:47:24,83.7
2025-09-11 01:47:25,83.7
2025-09-11 01:47:26,83.15
2025-09-11 01:47:27,81.5
2025-09-11 01:47:28,84.25
2025-09-11 01:47:29,83.15
2025-09-11 01:47:30,82.6
2025-09-11 01:47:31,83.7
2025-09-11 01:47:32,83.15
2025-09-11 01:47:33,82.05
2025-09-11 01:47:34,83.7
2025-09-11 01:47:35,84.25
2025-09-11 01:47:36,83.15
2025-09-11 01:47:37,84.8
2025-09-11 01:47:38,83.7
2025-09-11 01:47:39,84.25
2025-09-11 01:47:40,82.6
2025-09-11 01:47:41,83.7
2025-09-11 01:47:42,84.25
2025-09-11 01:47:43,84.25
2025-09-11 01:47:44,84.8
2025-09-11 01:47:45,83.15
2025-09-11 01:47:46,83.15
2025-09-11 01:47:47,84.8
2025-09-11 01:47:48,83.7
2025-09-11 01:47:49,82.6
2025-09-11 01:47:50,83.7
2025-09-11 01:47:51,84.8
2025-09-11 01:47:52,82.05
2025-09-11 01:47:53,85.35
2025-09-11 01:47:54,83.7
2025-09-11 01:47:55,84.25
2025-09-11 01:47:56,83.7
2025-09-11 01:47:57,82.6
2025-09-11 01:47:58,83.7
2025-09-11 01:47:59,82.6
2025-09-11 01:48:00,84.25
2025-09-11 01:48:01,84.25
2025-09-11 01:48:02,83.15
2025-09-11 01:48:03,81.5
2025-09-11 01:48:04,84.25
2025-09-11 01:48:05,84.25
2025-09-11 01:48:06,85.35
2025-09-11 01:48:07,84.25
2025-09-11 01:48:08,83.7
2025-09-11 01:48:09,83.7
2025-09-11 01:48:10,84.25
2025-09-11 01:48:11,84.8
2025-09-11 01:48:12,83.7
2025-09-11 01:48:13,83.7
2025-09-11 01:48:14,84.25
2025-09-11 01:48:15,83.15
2025-09-11 01:48:16,83.15
2025-09-11 01:48:17,83.7
2025-09-11 01:48:18,83.7
2025-09-11 01:48:19,84.25
2025-09-11 01:48:20,84.25
2025-09-11 01:48:21,84.25
2025-09-11 01:48:22,83.7
2025-09-11 01:48:23,83.15
2025-09-11 01:48:24,84.8
2025-09-11 01:48:25,84.25
2025-09-11 01:48:26,83.15
2025-09-11 01:48:27,84.25
2025-09-11 01:48:28,83.15
2025-09-11 01:48:29,82.05
2025-09-11 01:48:30,83.15
2025-09-11 01:48:31,83.7
2025-09-11 01:48:32,84.8
2025-09-11 01:48:33,84.8
2025-09-11 01:48:34,83.15
2025-09-11 01:48:35,82.6
2025-09-11 01:48:36,84.25
2025-09-11 01:48:37,83.15
2025-09-11 01:48:38,83.7
2025-09-11 01:48:39,84.8
2025-09-11 01:48:40,83.7
2025-09-11 01:48:41,83.15
2025-09-11 01:48:42,83.15
2025-09-11 01:48:43,84.25
2025-09-11 01:48:44,84.25
2025-09-11 01:48:45,83.7
2025-09-11 01:48:46,82.05
2025-09-11 01:48:47,83.15
2025-09-11 01:48:48,83.7
2025-09-11 01:48:49,83.7
2025-09-11 01:48:50,84.25
2025-09-11 01:48:51,84.25
2025-09-11 01:48:52,84.8
2025-09-11 01:48:53,84.8
2025-09-11 01:48:54,83.7
2025-09-11 01:48:55,84.8
2025-09-11 01:48:56,82.05
2025-09-11 01:48:57,84.25
2025-09-11 01:48:58,83.15
2025-09-11 01:48:59,83.7
2025-09-11 01:49:00,83.7
2025-09-11 01:49:01,84.8
2025-09-11 01:49:02,83.15
2025-09-11 01:49:03,81.5
2025-09-11 01:49:04,83.7
2025-09-11 01:49:05,83.7
2025-09-11 01:49:06,83.7
2025-09-11 01:49:07,85.9
2025-09-11 01:49:08,83.7
2025-09-11 01:49:09,83.15
2025-09-11 01:49:10,83.7
2025-09-11 01:49:11,84.25
2025-09-11 01:49:12,83.7
2025-09-11 01:49:13,82.6
2025-09-11 01:49:14,83.7
2025-09-11 01:49:15,83.7
2025-09-11 01:49:16,83.15
2025-09-11 01:49:17,82.6
2025-09-11 01:49:18,83.7
2025-09-11 01:49:19,83.15
2025-09-11 01:49:20,83.15
2025-09-11 01:49:21,78.75
2025-09-11 01:49:22,83.7
2025-09-11 01:49:23,83.7
2025-09-11 01:49:24,83.15
2025-09-11 01:49:25,84.25
2025-09-11 01:49:26,84.25
2025-09-11 01:49:27,83.7
2025-09-11 01:49:28,83.15
2025-09-11 01:49:29,82.6
2025-09-11 01:49:30,80.95
2025-09-11 01:49:31,84.25
2025-09-11 01:49:32,84.25
2025-09-11 01:49:33,84.8
2025-09-11 01:49:34,83.7
2025-09-11 01:49:35,82.6
2025-09-11 01:49:36,83.15
2025-09-11 01:49:37,83.7
2025-09-11 01:49:38,84.25
2025-09-11 01:49:39,83.7
2025-09-11 01:49:40,83.7
2025-09-11 01:49:41,80.95
2025-09-11 01:49:42,84.25
2025-09-11 01:49:43,81.5
2025-09-11 01:49:44,83.7
2025-09-11 01:49:45,84.8
2025-09-11 01:49:46,84.25
2025-09-11 01:49:47,85.35
2025-09-11 01:49:48,84.8
2025-09-11 01:49:49,83.15
2025-09-11 01:49:50,83.7
2025-09-11 01:49:51,84.25
2025-09-11 01:49:52,84.25
2025-09-11 01:49:53,84.25
2025-09-11 01:49:54,85.35
2025-09-11 01:49:55,83.7
2025-09-11 01:49:56,84.25
2025-09-11 01:49:57,85.35
2025-09-11 01:49:58,84.25
2025-09-11 01:49:59,84.25
2025-09-11 01:50:00,83.15
2025-09-11 01:50:01,80.95
2025-09-11 01:50:02,82.6
2025-09-11 01:50:03,84.25
2025-09-11 01:50:04,84.25
2025-09-11 01:50:05,83.15
2025-09-11 01:50:06,83.15
2025-09-11 01:50:07,83.7
2025-09-11 01:50:08,84.8
2025-09-11 01:50:09,83.7
2025-09-11 01:50:10,83.7
2025-09-11 01:50:11,83.15
2025-09-11 01:50:12,85.35
2025-09-11 01:50:13,82.05
2025-09-11 01:50:14,85.35
2025-09-11 01:50:15,85.35
2025-09-11 01:50:16,84.25
2025-09-11 01:50:17,83.15
2025-09-11 01:50:18,82.6
2025-09-11 01:50:19,83.7
2025-09-11 01:50:20,83.7
2025-09-11 01:50:21,83.7
2025-09-11 01:50:22,82.6
2025-09-11 01:50:23,83.15
2025-09-11 01:50:24,84.25
2025-09-11 01:50:25,85.35
2025-09-11 01:50:26,83.15
2025-09-11 01:50:27,83.7
2025-09-11 01:50:28,84.25
2025-09-11 01:50:29,84.8
2025-09-11 01:50:30,84.25
2025-09-11 01:50:31,82.6
2025-09-11 01:50:32,82.6
2025-09-11 01:50:33,83.15
2025-09-11 01:50:34,85.35
2025-09-11 01:50:35,83.7
2025-09-11 01:50:36,84.25
2025-09-11 01:50:37,82.6
2025-09-11 01:50:38,84.25
2025-09-11 01:50:39,83.15
2025-09-11 01:50:40,84.8
2025-09-11 01:50:41,84.25
2025-09-11 01:50:42,83.7
2025-09-11 01:50:43,83.7
2025-09-11 01:50:44,84.8
2025-09-11 01:50:45,84.25
2025-09-11 01:50:46,84.25
2025-09-11 01:50:47,84.25
2025-09-11 01:50:48,84.8
2025-09-11 01:50:49,85.9
2025-09-11 01:50:50,84.25
2025-09-11 01:50:51,83.7
2025-09-11 01:50:52,83.15
2025-09-11 01:50:53,82.05
2025-09-11 01:50:54,84.25
2025-09-11 01:50:55,85.35
2025-09-11 01:50:56,83.15
2025-09-11 01:50:57,84.8
2025-09-11 01:50:58,85.9
2025-09-11 01:50:59,83.7
2025-09-11 01:51:00,83.15
2025-09-11 01:51:01,84.8
2025-09-11 01:51:02,83.15
2025-09-11 01:51:03,84.25
2025-09-11 01:51:04,83.7
2025-09-11 01:51:05,84.25
2025-09-11 01:51:06,84.8
2025-09-11 01:51:07,84.8
2025-09-11 01:51:08,84.8
2025-09-11 01:51:09,83.15
2025-09-11 01:51:10,84.25
2025-09-11 01:51:11,84.25
2025-09-11 01:51:12,83.7
2025-09-11 01:51:13,84.25
2025-09-11 01:51:14,85.35
2025-09-11 01:51:15,84.25
2025-09-11 01:51:16,84.8
2025-09-11 01:51:17,83.15
2025-09-11 01:51:18,83.15
2025-09-11 01:51:19,83.15
2025-09-11 01:51:20,83.15
2025-09-11 01:51:21,83.7
2025-09-11 01:51:22,84.8
2025-09-11 01:51:23,84.25
2025-09-11 01:51:24,85.35
2025-09-11 01:51:25,85.35
2025-09-11 01:51:26,83.7
2025-09-11 01:51:27,84.8
2025-09-11 01:51:28,83.15
2025-09-11 01:51:29,83.15
2025-09-11 01:51:30,84.8
2025-09-11 01:51:31,83.7
2025-09-11 01:51:32,83.15
2025-09-11 01:51:33,85.9
2025-09-11 01:51:34,84.8
2025-09-11 01:51:35,84.25
2025-09-11 01:51:36,84.8
2025-09-11 01:51:37,84.8
2025-09-11 01:51:38,83.7
2025-09-11 01:51:39,83.15
2025-09-11 01:51:40,84.25
2025-09-11 01:51:41,85.35
2025-09-11 01:51:42,84.25
2025-09-11 01:51:43,83.7
2025-09-11 01:51:44,83.7
2025-09-11 01:51:45,84.25
2025-09-11 01:51:46,85.9
2025-09-11 01:51:47,84.8
2025-09-11 01:51:48,84.25
2025-09-11 01:51:49,85.35
2025-09-11 01:51:50,83.7
2025-09-11 01:51:51,83.15
2025-09-11 01:51:52,83.7
2025-09-11 01:51:53,83.15
2025-09-11 01:51:54,82.6
2025-09-11 01:51:55,84.8
2025-09-11 01:51:56,84.8
2025-09-11 01:51:57,84.25
2025-09-11 01:51:58,84.8
2025-09-11 01:51:59,83.7
2025-09-11 01:52:00,83.7
2025-09-11 01:52:01,84.25
2025-09-11 01:52:02,84.25
2025-09-11 01:52:03,83.7
2025-09-11 01:52:04,84.25
2025-09-11 01:52:05,84.25
2025-09-11 01:52:06,83.7
2025-09-11 01:52:07,83.7
2025-09-11 01:52:08,84.25
2025-09-11 01:52:09,84.25
2025-09-11 01:52:10,84.25
2025-09-11 01:52:11,83.7
2025-09-11 01:52:12,84.25
2025-09-11 01:52:13,84.25
2025-09-11 01:52:14,85.9
2025-09-11 01:52:15,84.25
2025-09-11 01:52:16,82.6
2025-09-11 01:52:17,84.25
2025-09-11 01:52:18,85.35
2025-09-11 01:52:19,83.7
2025-09-11 01:52:20,83.7
2025-09-11 01:52:21,84.25
2025-09-11 01:52:22,82.05
2025-09-11 01:52:23,82.6
2025-09-11 01:52:24,83.15
2025-09-11 01:52:25,83.15
2025-09-11 01:52:26,84.25
2025-09-11 01:52:27,84.25
2025-09-11 01:52:28,83.15
2025-09-11 01:52:29,83.7
2025-09-11 01:52:30,83.15
2025-09-11 01:52:31,84.8
2025-09-11 01:52:32,84.8
2025-09-11 01:52:33,84.25
2025-09-11 01:52:34,84.25
2025-09-11 01:52:35,84.25
2025-09-11 01:52:36,84.25
2025-09-11 01:52:37,83.7
2025-09-11 01:52:38,83.7
2025-09-11 01:52:39,85.9
2025-09-11 01:52:40,84.8
2025-09-11 01:52:41,84.8
2025-09-11 01:52:42,84.25
2025-09-11 01:52:43,85.35
2025-09-11 01:52:44,84.25
2025-09-11 01:52:45,84.25
2025-09-11 01:52:46,83.7
2025-09-11 01:52:47,84.25
2025-09-11 01:52:48,83.7
2025-09-11 01:52:49,83.7
2025-09-11 01:52:50,84.8
2025-09-11 01:52:51,83.15
2025-09-11 01:52:52,84.8
2025-09-11 01:52:53,84.25
2025-09-11 01:52:54,83.15
2025-09-11 01:52:55,84.8
2025-09-11 01:52:56,83.7
2025-09-11 01:52:57,84.25
2025-09-11 01:52:58,83.15
2025-09-11 01:52:59,84.25
2025-09-11 01:53:00,84.25
2025-09-11 01:53:01,83.7
2025-09-11 01:53:02,84.8
2025-09-11 01:53:03,82.6
2025-09-11 01:53:04,80.4
2025-09-11 01:53:05,82.6
2025-09-11 01:53:06,83.7
2025-09-11 01:53:07,84.25
2025-09-11 01:53:08,82.05
2025-09-11 01:53:09,84.25
2025-09-11 01:53:10,84.25
2025-09-11 01:53:11,83.7
2025-09-11 01:53:12,83.15
2025-09-11 01:53:13,82.6
2025-09-11 01:53:14,83.15
2025-09-11 01:53:15,84.25
2025-09-11 01:53:16,84.8
2025-09-11 01:53:17,83.15
2025-09-11 01:53:18,84.8
2025-09-11 01:53:19,84.25
2025-09-11 01:53:20,83.7
2025-09-11 01:53:21,83.7
2025-09-11 01:53:22,84.8
2025-09-11 01:53:23,83.15
2025-09-11 01:53:24,83.7
2025-09-11 01:53:25,82.6
2025-09-11 01:53:26,84.8
2025-09-11 01:53:27,84.8
2025-09-11 01:53:28,84.25
2025-09-11 01:53:29,84.25
2025-09-11 01:53:30,85.35
2025-09-11 01:53:31,85.35
2025-09-11 01:53:32,84.25
2025-09-11 01:53:33,85.35
2025-09-11 01:53:34,84.25
2025-09-11 01:53:35,84.25
2025-09-11 01:53:36,83.7
2025-09-11 01:53:37,83.7
2025-09-11 01:53:38,83.15
2025-09-11 01:53:39,85.9
2025-09-11 01:53:40,84.25
2025-09-11 01:53:41,83.7
2025-09-11 01:53:42,84.25
2025-09-11 01:53:43,85.35
2025-09-11 01:53:44,83.7
2025-09-11 01:53:45,84.8
2025-09-11 01:53:46,82.6
2025-09-11 01:53:47,82.6
2025-09-11 01:53:48,84.25
2025-09-11 01:53:49,84.25
2025-09-11 01:53:50,83.7
2025-09-11 01:53:51,84.25
2025-09-11 01:53:52,83.7
2025-09-11 01:53:53,82.6
2025-09-11 01:53:54,85.35
2025-09-11 01:53:55,85.35
2025-09-11 01:53:56,83.15
2025-09-11 01:53:57,82.6
2025-09-11 01:53:58,83.15
2025-09-11 01:53:59,83.7
2025-09-11 01:54:00,83.15
2025-09-11 01:54:01,84.8
2025-09-11 01:54:02,84.8
2025-09-11 01:54:03,83.7
2025-09-11 01:54:04,84.8
2025-09-11 01:54:05,83.15
2025-09-11 01:54:06,84.8
2025-09-11 01:54:07,83.7
2025-09-11 01:54:08,83.15
2025-09-11 01:54:09,83.7
2025-09-11 01:54:10,83.15
2025-09-11 01:54:11,83.15
2025-09-11 01:54:12,84.25
2025-09-11 01:54:13,83.15
2025-09-11 01:54:14,84.25
2025-09-11 01:54:15,82.05
2025-09-11 01:54:16,83.15
2025-09-11 01:54:17,84.8
2025-09-11 01:54:18,82.6
2025-09-11 01:54:19,84.8
2025-09-11 01:54:20,83.15
2025-09-11 01:54:21,85.9
2025-09-11 01:54:22,85.35
2025-09-11 01:54:23,84.25
2025-09-11 01:54:24,82.05
2025-09-11 01:54:25,83.15
2025-09-11 01:54:26,84.25
2025-09-11 01:54:27,83.7
2025-09-11 01:54:28,84.25
2025-09-11 01:54:29,84.8
2025-09-11 01:54:30,83.15
2025-09-11 01:54:31,84.25
2025-09-11 01:54:32,84.25
2025-09-11 01:54:33,84.25
2025-09-11 01:54:34,83.15
2025-09-11 01:54:35,85.9
2025-09-11 01:54:36,84.25
2025-09-11 01:54:37,85.35
2025-09-11 01:54:38,83.7
2025-09-11 01:54:39,83.7
2025-09-11 01:54:40,84.8
2025-09-11 01:54:41,83.7
2025-09-11 01:54:42,83.15
2025-09-11 01:54:43,84.25
2025-09-11 01:54:44,83.7
2025-09-11 01:54:45,84.8
2025-09-11 01:54:46,83.7
2025-09-11 01:54:47,84.8
2025-09-11 01:54:48,84.25
2025-09-11 01:54:49,84.8
2025-09-11 01:54:50,84.8
2025-09-11 01:54:51,84.8
2025-09-11 01:54:52,84.25
2025-09-11 01:54:53,82.6
2025-09-11 01:54:54,84.25
2025-09-11 01:54:55,84.8
2025-09-11 01:54:56,85.35
2025-09-11 01:54:57,83.7
2025-09-11 01:54:58,85.35
2025-09-11 01:54:59,85.35
2025-09-11 01:55:00,83.15
2025-09-11 01:55:01,83.7
2025-09-11 01:55:02,85.35
2025-09-11 01:55:03,83.7
2025-09-11 01:55:04,85.35
2025-09-11 01:55:05,84.8
2025-09-11 01:55:06,83.7
2025-09-11 01:55:07,83.7
2025-09-11 01:55:08,83.15
2025-09-11 01:55:09,84.25
2025-09-11 01:55:10,83.7
2025-09-11 01:55:11,83.7
2025-09-11 01:55:12,84.8
2025-09-11 01:55:13,84.8
2025-09-11 01:55:14,84.8
2025-09-11 01:55:15,84.25
2025-09-11 01:55:16,84.8
2025-09-11 01:55:17,83.15
2025-09-11 01:55:18,84.8
2025-09-11 01:55:19,85.35
2025-09-11 01:55:20,83.15
2025-09-11 01:55:21,85.35
2025-09-11 01:55:22,84.8
2025-09-11 01:55:23,84.25
2025-09-11 01:55:24,84.25
2025-09-11 01:55:25,83.7
2025-09-11 01:55:26,84.25
2025-09-11 01:55:27,84.25
2025-09-11 01:55:28,85.9
2025-09-11 01:55:29,82.6
2025-09-11 01:55:30,83.15
2025-09-11 01:55:31,84.25
2025-09-11 01:55:32,83.15
2025-09-11 01:55:33,84.8
2025-09-11 01:55:34,82.6
2025-09-11 01:55:35,84.8
2025-09-11 01:55:36,84.25
2025-09-11 01:55:37,85.35
2025-09-11 01:55:38,85.9
2025-09-11 01:55:39,84.25
2025-09-11 01:55:40,84.8
2025-09-11 01:55:41,84.8
2025-09-11 01:55:42,83.15
2025-09-11 01:55:43,84.8
2025-09-11 01:55:44,83.7
2025-09-11 01:55:45,82.6
2025-09-11 01:55:46,83.15
2025-09-11 01:55:47,84.25
2025-09-11 01:55:48,84.8
2025-09-11 01:55:49,83.7
2025-09-11 01:55:50,83.15
2025-09-11 01:55:51,85.35
2025-09-11 01:55:52,84.25
2025-09-11 01:55:53,85.35
2025-09-11 01:55:54,84.8
2025-09-11 01:55:55,84.8
2025-09-11 01:55:56,83.15
2025-09-11 01:55:57,85.35
2025-09-11 01:55:58,83.7
2025-09-11 01:55:59,84.8
2025-09-11 01:56:00,84.8
2025-09-11 01:56:01,84.25
2025-09-11 01:56:02,85.35
2025-09-11 01:56:03,83.7
2025-09-11 01:56:04,84.25
2025-09-11 01:56:05,84.8
2025-09-11 01:56:06,83.7
2025-09-11 01:56:07,83.15
2025-09-11 01:56:08,84.25
2025-09-11 01:56:09,83.15
2025-09-11 01:56:10,83.7
2025-09-11 01:56:11,84.25
2025-09-11 01:56:12,84.8
2025-09-11 01:56:13,83.15
2025-09-11 01:56:14,83.15
2025-09-11 01:56:15,84.25
2025-09-11 01:56:16,85.35
2025-09-11 01:56:17,83.7
2025-09-11 01:56:18,84.25
2025-09-11 01:56:19,83.7
2025-09-11 01:56:20,83.7
2025-09-11 01:56:21,84.25
2025-09-11 01:56:22,84.8
2025-09-11 01:56:23,85.35
2025-09-11 01:56:24,83.15
2025-09-11 01:56:25,85.35
2025-09-11 01:56:26,84.25
2025-09-11 01:56:27,84.25
2025-09-11 01:56:28,83.7
2025-09-11 01:56:29,85.35
2025-09-11 01:56:30,83.7
2025-09-11 01:56:31,83.7
2025-09-11 01:56:32,84.25
2025-09-11 01:56:33,83.7
2025-09-11 01:56:34,83.7
2025-09-11 01:56:35,84.25
2025-09-11 01:56:36,85.35
2025-09-11 01:56:37,82.05
2025-09-11 01:56:38,83.7
2025-09-11 01:56:39,83.15
2025-09-11 01:56:40,84.25
2025-09-11 01:56:41,83.15
2025-09-11 01:56:42,84.25
2025-09-11 01:56:43,83.7
2025-09-11 01:56:44,83.15
2025-09-11 01:56:46,83.15
2025-09-11 01:56:47,85.35
2025-09-11 01:56:48,83.7
2025-09-11 01:56:49,85.35
2025-09-11 01:56:50,84.8
2025-09-11 01:56:51,84.25
2025-09-11 01:56:52,84.25
2025-09-11 01:56:53,84.25
2025-09-11 01:56:54,83.7
2025-09-11 01:56:55,85.35
2025-09-11 01:56:56,83.7
2025-09-11 01:56:57,83.7
2025-09-11 01:56:58,84.8
2025-09-11 01:56:59,84.25
2025-09-11 01:57:00,84.25
2025-09-11 01:57:01,84.8
2025-09-11 01:57:02,83.7
2025-09-11 01:57:03,83.7
2025-09-11 01:57:04,83.15
2025-09-11 01:57:05,82.05
2025-09-11 01:57:06,84.25
2025-09-11 01:57:07,83.15
2025-09-11 01:57:08,82.6
2025-09-11 01:57:09,83.7
2025-09-11 01:57:10,85.35
2025-09-11 01:57:11,84.8
2025-09-11 01:57:12,84.25
2025-09-11 01:57:13,83.15
2025-09-11 01:57:14,84.8
2025-09-11 01:57:15,84.8
2025-09-11 01:57:16,84.8
2025-09-11 01:57:17,83.15
2025-09-11 01:57:18,83.7
2025-09-11 01:57:19,83.7
2025-09-11 01:57:20,84.8
2025-09-11 01:57:21,83.15
2025-09-11 01:57:22,83.7
2025-09-11 01:57:23,85.35
2025-09-11 01:57:24,84.8
2025-09-11 01:57:25,84.25
2025-09-11 01:57:26,83.7
2025-09-11 01:57:27,84.8
2025-09-11 01:57:28,83.7
2025-09-11 01:57:29,83.15
2025-09-11 01:57:30,84.8
2025-09-11 01:57:31,85.35
2025-09-11 01:57:32,84.25
2025-09-11 01:57:33,84.8
2025-09-11 01:57:34,84.25
2025-09-11 01:57:35,84.25
2025-09-11 01:57:36,83.15
2025-09-11 01:57:37,83.7
2025-09-11 01:57:38,83.7
2025-09-11 01:57:39,84.25
2025-09-11 01:57:40,84.25
2025-09-11 01:57:41,84.25
2025-09-11 01:57:42,84.25
2025-09-11 01:57:43,83.7
2025-09-11 01:57:44,83.15
2025-09-11 01:57:45,84.25
2025-09-11 01:57:46,84.8
2025-09-11 01:57:47,84.25
2025-09-11 01:57:48,84.8
2025-09-11 01:57:49,85.35
2025-09-11 01:57:50,85.9
2025-09-11 01:57:51,83.7
2025-09-11 01:57:52,83.7
2025-09-11 01:57:53,83.15
2025-09-11 01:57:54,83.7
2025-09-11 01:57:55,84.25
2025-09-11 01:57:56,85.35
2025-09-11 01:57:57,84.8
2025-09-11 01:57:58,83.7
2025-09-11 01:57:59,80.4
2025-09-11 01:58:00,82.6
2025-09-11 01:58:01,83.7
2025-09-11 01:58:02,84.25
2025-09-11 01:58:03,83.15
2025-09-11 01:58:04,84.25
2025-09-11 01:58:05,83.7
2025-09-11 01:58:06,85.35
2025-09-11 01:58:07,83.7
2025-09-11 01:58:08,85.9
2025-09-11 01:58:09,84.25
2025-09-11 01:58:10,83.15
2025-09-11 01:58:11,84.25
2025-09-11 01:58:12,83.7
2025-09-11 01:58:13,84.8
2025-09-11 01:58:14,84.25
2025-09-11 01:58:15,84.25
2025-09-11 01:58:16,84.25
2025-09-11 01:58:17,84.8
2025-09-11 01:58:18,84.25
2025-09-11 01:58:19,83.7
2025-09-11 01:58:20,84.8
2025-09-11 01:58:21,83.7
2025-09-11 01:58:22,85.9
2025-09-11 01:58:23,82.6
2025-09-11 01:58:24,84.8
2025-09-11 01:58:25,84.25
2025-09-11 01:58:26,83.7
2025-09-11 01:58:27,84.25
2025-09-11 01:58:28,84.8
2025-09-11 01:58:29,83.15
2025-09-11 01:58:30,83.7
2025-09-11 01:58:31,83.7
2025-09-11 01:58:32,83.7
2025-09-11 01:58:33,84.25
2025-09-11 01:58:34,84.8
2025-09-11 01:58:35,83.7
2025-09-11 01:58:36,85.9
2025-09-11 01:58:37,83.15
2025-09-11 01:58:38,84.25
2025-09-11 01:58:39,84.8
2025-09-11 01:58:40,84.25
2025-09-11 01:58:41,83.15
2025-09-11 01:58:42,83.7
2025-09-11 01:58:43,84.8
2025-09-11 01:58:44,84.25
2025-09-11 01:58:45,85.35
2025-09-11 01:58:46,85.9
2025-09-11 01:58:47,84.25
2025-09-11 01:58:48,83.7
2025-09-11 01:58:49,83.15
2025-09-11 01:58:50,84.25
2025-09-11 01:58:51,84.25
2025-09-11 01:58:52,85.35
2025-09-11 01:58:53,84.25
2025-09-11 01:58:54,84.8
2025-09-11 01:58:55,83.7
2025-09-11 01:58:56,83.7
2025-09-11 01:58:57,83.7
2025-09-11 01:58:58,83.15
2025-09-11 01:58:59,85.9
2025-09-11 01:59:00,82.05
2025-09-11 01:59:01,83.7
2025-09-11 01:59:02,82.6
2025-09-11 01:59:03,84.25
2025-09-11 01:59:04,84.25
2025-09-11 01:59:05,84.8
2025-09-11 01:59:06,83.7
2025-09-11 01:59:07,85.9
2025-09-11 01:59:08,83.7
2025-09-11 01:59:09,82.6
2025-09-11 01:59:10,84.25
2025-09-11 01:59:11,83.7
2025-09-11 01:59:12,84.8
2025-09-11 01:59:13,83.7
2025-09-11 01:59:14,83.15
2025-09-11 01:59:15,83.7
2025-09-11 01:59:16,84.25
2025-09-11 01:59:17,85.35
2025-09-11 01:59:18,83.7
2025-09-11 01:59:19,85.35
2025-09-11 01:59:20,84.8
2025-09-11 01:59:21,85.35
2025-09-11 01:59:22,84.8
2025-09-11 01:59:23,83.7
2025-09-11 01:59:24,84.25
2025-09-11 01:59:25,84.25
2025-09-11 01:59:26,83.7
2025-09-11 01:59:27,83.7
2025-09-11 01:59:28,83.7
2025-09-11 01:59:29,84.25
2025-09-11 01:59:30,82.6
2025-09-11 01:59:31,83.7
2025-09-11 01:59:32,83.7
2025-09-11 01:59:33,84.25
2025-09-11 01:59:34,84.8
2025-09-11 01:59:35,83.15
2025-09-11 01:59:36,83.15
2025-09-11 01:59:37,83.7
2025-09-11 01:59:38,83.7
2025-09-11 01:59:39,84.25
2025-09-11 01:59:40,85.9
2025-09-11 01:59:41,83.7
2025-09-11 01:59:42,84.8
2025-09-11 01:59:43,84.25
2025-09-11 01:59:44,84.25
2025-09-11 01:59:45,83.15
2025-09-11 01:59:46,85.35
2025-09-11 01:59:47,84.25
2025-09-11 01:59:48,82.05
2025-09-11 01:59:49,84.25
2025-09-11 01:59:50,84.8
2025-09-11 01:59:51,84.25
2025-09-11 01:59:52,82.6
2025-09-11 01:59:53,84.8
2025-09-11 01:59:54,86.45
2025-09-11 01:59:55,83.15
2025-09-11 01:59:56,82.6
2025-09-11 01:59:57,84.25
2025-09-11 01:59:58,84.25
2025-09-11 01:59:59,83.15
2025-09-11 02:00:00,83.7
2025-09-11 02:00:01,83.7
2025-09-11 02:00:02,82.6
2025-09-11 02:00:03,84.8
2025-09-11 02:00:04,85.9
2025-09-11 02:00:05,85.35
2025-09-11 02:00:06,84.25
2025-09-11 02:00:07,83.15
2025-09-11 02:00:08,84.25
2025-09-11 02:00:09,83.7
2025-09-11 02:00:10,84.8
2025-09-11 02:00:11,83.7
2025-09-11 02:00:12,83.7
2025-09-11 02:00:13,83.7
2025-09-11 02:00:14,84.25
2025-09-11 02:00:15,83.7
2025-09-11 02:00:16,85.9
2025-09-11 02:00:17,83.7
2025-09-11 02:00:18,84.25
2025-09-11 02:00:19,83.7
2025-09-11 02:00:20,84.8
2025-09-11 02:00:21,83.7
2025-09-11 02:00:22,84.25
2025-09-11 02:00:23,84.25
2025-09-11 02:00:24,83.15
2025-09-11 02:00:25,83.7
2025-09-11 02:00:26,85.9
2025-09-11 02:00:27,85.35
2025-09-11 02:00:28,85.35
2025-09-11 02:00:29,84.25
2025-09-11 02:00:30,84.25
2025-09-11 02:00:31,83.15
2025-09-11 02:00:32,82.6
2025-09-11 02:00:33,83.7
2025-09-11 02:00:34,83.15
2025-09-11 02:00:35,83.7
2025-09-11 02:00:36,84.25
2025-09-11 02:00:37,84.25
2025-09-11 02:00:38,84.25
2025-09-11 02:00:39,83.7
2025-09-11 02:00:40,83.7
2025-09-11 02:00:41,83.7
2025-09-11 02:00:42,85.9
2025-09-11 02:00:43,83.7
2025-09-11 02:00:44,83.7
2025-09-11 02:00:45,83.7
2025-09-11 02:00:46,83.15
2025-09-11 02:00:47,84.25
2025-09-11 02:00:48,84.25
2025-09-11 02:00:49,82.05
2025-09-11 02:00:50,84.25
2025-09-11 02:00:51,83.7
2025-09-11 02:00:52,84.25
2025-09-11 02:00:53,84.8
2025-09-11 02:00:54,84.8
2025-09-11 02:00:55,84.25
2025-09-11 02:00:56,83.7
2025-09-11 02:00:57,84.25
2025-09-11 02:00:58,84.25
2025-09-11 02:00:59,83.15
2025-09-11 02:01:00,84.25
2025-09-11 02:01:01,83.7
2025-09-11 02:01:02,84.8
2025-09-11 02:01:03,84.25
2025-09-11 02:01:04,85.35
2025-09-11 02:01:05,84.8
2025-09-11 02:01:06,83.7
2025-09-11 02:01:07,83.15
2025-09-11 02:01:08,84.25
2025-09-11 02:01:09,81.5
2025-09-11 02:01:10,84.25
2025-09-11 02:01:11,84.25
2025-09-11 02:01:12,83.15
2025-09-11 02:01:13,83.7
2025-09-11 02:01:14,83.7
2025-09-11 02:01:15,83.15
2025-09-11 02:01:16,84.8
2025-09-11 02:01:17,84.25
2025-09-11 02:01:18,83.7
2025-09-11 02:01:19,84.25
2025-09-11 02:01:20,84.8
2025-09-11 02:01:21,83.15
2025-09-11 02:01:22,84.8
2025-09-11 02:01:23,84.25
2025-09-11 02:01:24,84.25
2025-09-11 02:01:25,83.7
2025-09-11 02:01:26,84.8
2025-09-11 02:01:27,84.25
2025-09-11 02:01:28,84.25
2025-09-11 02:01:29,83.7
2025-09-11 02:01:30,83.15
2025-09-11 02:01:31,83.7
2025-09-11 02:01:32,83.7
2025-09-11 02:01:33,83.7
2025-09-11 02:01:34,83.7
2025-09-11 02:01:35,83.15
2025-09-11 02:01:36,84.25
2025-09-11 02:01:37,84.8
2025-09-11 02:01:38,84.8
2025-09-11 02:01:39,84.25
2025-09-11 02:01:40,84.25
2025-09-11 02:01:41,85.9
2025-09-11 02:01:42,83.15
2025-09-11 02:01:43,83.7
2025-09-11 02:01:44,83.7
2025-09-11 02:01:45,84.8
2025-09-11 02:01:46,84.8
2025-09-11 02:01:47,85.35
2025-09-11 02:01:48,84.8
2025-09-11 02:01:49,83.7
2025-09-11 02:01:50,85.35
2025-09-11 02:01:51,83.7
2025-09-11 02:01:52,85.35
2025-09-11 02:01:53,83.15
2025-09-11 02:01:54,84.25
2025-09-11 02:01:55,84.25
2025-09-11 02:01:56,83.15
2025-09-11 02:01:57,84.8
2025-09-11 02:01:58,85.35
2025-09-11 02:01:59,84.25
2025-09-11 02:02:00,82.6
2025-09-11 02:02:01,83.7
2025-09-11 02:02:02,83.15
2025-09-11 02:02:03,83.7
2025-09-11 02:02:04,83.7
2025-09-11 02:02:05,85.9
2025-09-11 02:02:06,85.35
2025-09-11 02:02:07,83.7
2025-09-11 02:02:08,83.15
2025-09-11 02:02:09,84.25
2025-09-11 02:02:10,84.25
2025-09-11 02:02:11,82.6
2025-09-11 02:02:12,83.7
2025-09-11 02:02:13,83.7
2025-09-11 02:02:14,83.7
2025-09-11 02:02:15,85.35
2025-09-11 02:02:16,82.6
2025-09-11 02:02:17,85.35
2025-09-11 02:02:18,85.35
2025-09-11 02:02:19,84.25
2025-09-11 02:02:20,85.9
2025-09-11 02:02:21,83.15
2025-09-11 02:02:22,84.8
2025-09-11 02:02:23,84.25
2025-09-11 02:02:24,84.25
2025-09-11 02:02:25,84.25
2025-09-11 02:02:26,84.25
2025-09-11 02:02:27,83.15
2025-09-11 02:02:28,84.8
2025-09-11 02:02:29,85.9
2025-09-11 02:02:30,83.7
2025-09-11 02:02:31,85.35
2025-09-11 02:02:32,83.7
2025-09-11 02:02:33,82.6
2025-09-11 02:02:34,84.25
2025-09-11 02:02:35,83.7
2025-09-11 02:02:36,84.8
2025-09-11 02:02:37,85.35
2025-09-11 02:02:38,84.8
2025-09-11 02:02:39,85.35
2025-09-11 02:02:40,83.15
2025-09-11 02:02:41,83.7
2025-09-11 02:02:42,84.25
2025-09-11 02:02:43,84.25
2025-09-11 02:02:44,84.25
2025-09-11 02:02:45,83.15
2025-09-11 02:02:46,82.05
2025-09-11 02:02:47,85.9
2025-09-11 02:02:48,83.7
2025-09-11 02:02:49,84.25
2025-09-11 02:02:50,83.7
2025-09-11 02:02:51,83.15
2025-09-11 02:02:52,83.7
2025-09-11 02:02:53,84.25
2025-09-11 02:02:54,84.8
2025-09-11 02:02:55,84.25
2025-09-11 02:02:56,83.7
2025-09-11 02:02:57,84.25
2025-09-11 02:02:58,84.25
2025-09-11 02:02:59,83.15
2025-09-11 02:03:00,84.25
2025-09-11 02:03:01,83.7
2025-09-11 02:03:02,83.7
2025-09-11 02:03:03,83.15
2025-09-11 02:03:04,84.8
2025-09-11 02:03:05,83.7
2025-09-11 02:03:06,83.7
2025-09-11 02:03:07,84.25
2025-09-11 02:03:08,82.05
2025-09-11 02:03:09,84.8
2025-09-11 02:03:10,84.25
2025-09-11 02:03:11,84.25
2025-09-11 02:03:12,84.8
2025-09-11 02:03:13,83.15
2025-09-11 02:03:14,83.7
2025-09-11 02:03:15,83.7
2025-09-11 02:03:16,84.25
2025-09-11 02:03:17,85.9
2025-09-11 02:03:18,83.7
2025-09-11 02:03:19,85.35
2025-09-11 02:03:20,83.15
2025-09-11 02:03:21,84.25
2025-09-11 02:03:22,83.15
2025-09-11 02:03:23,82.6
2025-09-11 02:03:24,84.25
2025-09-11 02:03:25,83.7
2025-09-11 02:03:26,84.8
2025-09-11 02:03:27,85.35
2025-09-11 02:03:28,83.15
2025-09-11 02:03:29,83.7
2025-09-11 02:03:30,83.15
2025-09-11 02:03:31,85.35
2025-09-11 02:03:32,84.25
2025-09-11 02:03:33,83.7
2025-09-11 02:03:34,83.7
2025-09-11 02:03:35,84.25
2025-09-11 02:03:36,83.15
2025-09-11 02:03:37,84.8
2025-09-11 02:03:38,84.25
2025-09-11 02:03:39,83.7
2025-09-11 02:03:40,84.25
2025-09-11 02:03:41,84.8
2025-09-11 02:03:42,83.15
2025-09-11 02:03:43,83.15
2025-09-11 02:03:44,83.15
2025-09-11 02:03:45,84.25
2025-09-11 02:03:46,84.8
2025-09-11 02:03:47,83.7
2025-09-11 02:03:48,85.35
2025-09-11 02:03:49,83.7
2025-09-11 02:03:50,85.35
2025-09-11 02:03:51,82.6
2025-09-11 02:03:52,78.2
2025-09-11 02:03:53,83.15
2025-09-11 02:03:54,83.15
2025-09-11 02:03:55,85.35
2025-09-11 02:03:56,83.15
2025-09-11 02:03:57,83.15
2025-09-11 02:03:58,84.25
2025-09-11 02:03:59,84.25
2025-09-11 02:04:00,84.8
2025-09-11 02:04:01,83.7
2025-09-11 02:04:02,83.7
2025-09-11 02:04:03,83.15
2025-09-11 02:04:04,84.25
2025-09-11 02:04:05,83.15
2025-09-11 02:04:06,84.25
2025-09-11 02:04:07,83.7
2025-09-11 02:04:08,85.35
2025-09-11 02:04:09,84.8
2025-09-11 02:04:10,83.7
2025-09-11 02:04:11,84.8
2025-09-11 02:04:12,86.45
2025-09-11 02:04:13,83.7
2025-09-11 02:04:14,85.9
2025-09-11 02:04:15,82.6
2025-09-11 02:04:16,85.35
2025-09-11 02:04:17,83.7
2025-09-11 02:04:18,85.9
2025-09-11 02:04:19,84.8
2025-09-11 02:04:20,83.15
2025-09-11 02:04:21,83.7
2025-09-11 02:04:22,84.25
2025-09-11 02:04:23,85.35
2025-09-11 02:04:24,83.7
2025-09-11 02:04:25,83.7
2025-09-11 02:04:26,82.6
2025-09-11 02:04:27,83.7
2025-09-11 02:04:28,84.25
2025-09-11 02:04:29,83.7
2025-09-11 02:04:30,84.25
2025-09-11 02:04:31,82.05
2025-09-11 02:04:32,83.7
2025-09-11 02:04:33,84.25
2025-09-11 02:04:34,84.8
2025-09-11 02:04:35,84.8
2025-09-11 02:04:36,85.35
2025-09-11 02:04:37,84.25
2025-09-11 02:04:38,84.25
2025-09-11 02:04:39,84.25
2025-09-11 02:04:40,84.25
2025-09-11 02:04:41,84.8
2025-09-11 02:04:42,82.05
2025-09-11 02:04:43,83.15
2025-09-11 02:04:44,83.7
2025-09-11 02:04:45,85.35
2025-09-11 02:04:46,83.15
2025-09-11 02:04:47,83.7
2025-09-11 02:04:48,84.8
2025-09-11 02:04:49,83.15
2025-09-11 02:04:50,82.6
2025-09-11 02:04:51,83.7
2025-09-11 02:04:52,84.8
2025-09-11 02:04:53,83.7
2025-09-11 02:04:54,84.25
2025-09-11 02:04:55,84.25
2025-09-11 02:04:56,83.15
2025-09-11 02:04:57,85.9
2025-09-11 02:04:58,84.8
2025-09-11 02:04:59,84.8
2025-09-11 02:05:00,85.35
2025-09-11 02:05:01,82.05
2025-09-11 02:05:02,85.35
2025-09-11 02:05:03,83.7
2025-09-11 02:05:04,84.8
2025-09-11 02:05:05,83.7
2025-09-11 02:05:06,85.9
2025-09-11 02:05:07,84.25
2025-09-11 02:05:08,83.15
2025-09-11 02:05:09,84.25
2025-09-11 02:05:10,82.05
2025-09-11 02:05:11,83.7
2025-09-11 02:05:12,84.8
2025-09-11 02:05:13,83.15
2025-09-11 02:05:14,84.25
2025-09-11 02:05:15,85.9
2025-09-11 02:05:16,83.7
2025-09-11 02:05:17,85.9
2025-09-11 02:05:18,83.7
2025-09-11 02:05:19,83.15
2025-09-11 02:05:20,82.05
2025-09-11 02:05:21,83.7
2025-09-11 02:05:22,84.25
2025-09-11 02:05:23,83.15
2025-09-11 02:05:24,85.9
2025-09-11 02:05:25,84.25
2025-09-11 02:05:26,84.25
2025-09-11 02:05:27,83.7
2025-09-11 02:05:28,83.7
2025-09-11 02:05:29,83.15
2025-09-11 02:05:30,84.8
2025-09-11 02:05:31,83.15
2025-09-11 02:05:32,84.25
2025-09-11 02:05:33,84.25
2025-09-11 02:05:34,83.15
2025-09-11 02:05:35,83.7
2025-09-11 02:05:36,84.25
2025-09-11 02:05:37,85.9
2025-09-11 02:05:38,82.6
2025-09-11 02:05:39,84.25
2025-09-11 02:05:40,85.9
2025-09-11 02:05:41,83.7
2025-09-11 02:05:42,84.8
2025-09-11 02:05:43,82.6
2025-09-11 02:05:44,83.7
2025-09-11 02:05:45,85.35
2025-09-11 02:05:46,84.8
2025-09-11 02:05:47,84.25
2025-09-11 02:05:48,85.9
2025-09-11 02:05:49,84.25
2025-09-11 02:05:50,85.35
2025-09-11 02:05:51,83.15
2025-09-11 02:05:52,84.25
2025-09-11 02:05:53,84.25
2025-09-11 02:05:54,85.35
2025-09-11 02:05:55,85.9
2025-09-11 02:05:56,83.15
2025-09-11 02:05:57,85.35
2025-09-11 02:05:58,84.25
2025-09-11 02:05:59,84.8
2025-09-11 02:06:00,83.7
2025-09-11 02:06:01,83.15
2025-09-11 02:06:02,83.7
2025-09-11 02:06:03,83.7
2025-09-11 02:06:04,84.25
2025-09-11 02:06:05,85.35
2025-09-11 02:06:06,83.7
2025-09-11 02:06:07,84.25
2025-09-11 02:06:08,81.5
2025-09-11 02:06:09,83.7
2025-09-11 02:06:10,84.8
2025-09-11 02:06:11,85.35
2025-09-11 02:06:12,83.7
2025-09-11 02:06:13,85.35
2025-09-11 02:06:14,84.8
2025-09-11 02:06:15,84.8
2025-09-11 02:06:16,82.05
2025-09-11 02:06:17,85.35
2025-09-11 02:06:18,83.7
2025-09-11 02:06:19,84.25
2025-09-11 02:06:20,84.8
2025-09-11 02:06:21,84.8
2025-09-11 02:06:22,85.35
2025-09-11 02:06:23,85.35
2025-09-11 02:06:24,84.8
2025-09-11 02:06:25,85.35
2025-09-11 02:06:26,83.7
2025-09-11 02:06:27,85.9
2025-09-11 02:06:28,83.15
2025-09-11 02:06:29,83.7
2025-09-11 02:06:31,83.7
2025-09-11 02:06:32,84.25
2025-09-11 02:06:33,84.25
2025-09-11 02:06:34,83.15
2025-09-11 02:06:35,84.25
2025-09-11 02:06:36,83.15
2025-09-11 02:06:37,85.9
2025-09-11 02:06:38,86.45
2025-09-11 02:06:39,84.25
2025-09-11 02:06:40,84.25
2025-09-11 02:06:41,84.25
2025-09-11 02:06:42,84.8
2025-09-11 02:06:43,84.25
2025-09-11 02:06:44,83.7
2025-09-11 02:06:45,83.7
2025-09-11 02:06:46,85.35
2025-09-11 02:06:47,84.25
2025-09-11 02:06:48,84.25
2025-09-11 02:06:49,84.8
2025-09-11 02:06:50,85.35
2025-09-11 02:06:51,84.8
2025-09-11 02:06:52,83.15
2025-09-11 02:06:53,84.25
2025-09-11 02:06:54,83.7
2025-09-11 02:06:55,83.15
2025-09-11 02:06:56,84.25
2025-09-11 02:06:57,83.7
2025-09-11 02:06:58,84.25
2025-09-11 02:06:59,84.25
2025-09-11 02:07:00,83.7
2025-09-11 02:07:01,84.25
2025-09-11 02:07:02,83.7
2025-09-11 02:07:03,85.35
2025-09-11 02:07:04,84.25
2025-09-11 02:07:05,83.15
2025-09-11 02:07:06,82.6
2025-09-11 02:07:07,84.25
2025-09-11 02:07:08,83.15
2025-09-11 02:07:09,83.7
2025-09-11 02:07:10,86.45
2025-09-11 02:07:11,83.15
2025-09-11 02:07:12,85.9
2025-09-11 02:07:13,84.8
2025-09-11 02:07:14,85.9
2025-09-11 02:07:15,84.8
2025-09-11 02:07:16,85.35
2025-09-11 02:07:17,83.15
2025-09-11 02:07:18,83.15
2025-09-11 02:07:19,83.7
2025-09-11 02:07:20,83.7
2025-09-11 02:07:21,84.8
2025-09-11 02:07:22,83.15
2025-09-11 02:07:23,83.7
2025-09-11 02:07:24,85.35
2025-09-11 02:07:25,85.35
2025-09-11 02:07:26,84.8
2025-09-11 02:07:27,83.15
2025-09-11 02:07:28,84.25
2025-09-11 02:07:29,85.35
2025-09-11 02:07:30,85.35
2025-09-11 02:07:31,84.25
2025-09-11 02:07:32,84.8
2025-09-11 02:07:33,83.15
2025-09-11 02:07:34,83.7
2025-09-11 02:07:35,83.7
2025-09-11 02:07:36,83.15
2025-09-11 02:07:37,84.25
2025-09-11 02:07:38,83.15
2025-09-11 02:07:39,84.8
2025-09-11 02:07:40,85.9
2025-09-11 02:07:41,82.05
2025-09-11 02:07:42,82.6
2025-09-11 02:07:43,84.25
2025-09-11 02:07:44,84.8
2025-09-11 02:07:45,84.8
2025-09-11 02:07:46,83.7
2025-09-11 02:07:47,84.25
2025-09-11 02:07:48,83.15
2025-09-11 02:07:49,84.25
2025-09-11 02:07:50,84.25
2025-09-11 02:07:51,84.8
2025-09-11 02:07:52,85.35
2025-09-11 02:07:53,85.35
2025-09-11 02:07:54,84.25
2025-09-11 02:07:55,83.7
2025-09-11 02:07:56,84.25
2025-09-11 02:07:57,82.6
2025-09-11 02:07:58,85.35
2025-09-11 02:07:59,84.25
2025-09-11 02:08:00,84.25
2025-09-11 02:08:01,85.35
2025-09-11 02:08:02,84.25
2025-09-11 02:08:03,84.25
2025-09-11 02:08:04,84.8
2025-09-11 02:08:05,84.25
2025-09-11 02:08:06,83.7
2025-09-11 02:08:07,84.25
2025-09-11 02:08:08,82.6
2025-09-11 02:08:09,83.7
2025-09-11 02:08:10,85.35
2025-09-11 02:08:11,83.7
2025-09-11 02:08:12,84.8
2025-09-11 02:08:13,84.25
2025-09-11 02:08:14,85.35
2025-09-11 02:08:15,84.8
2025-09-11 02:08:16,84.8
2025-09-11 02:08:17,85.35
2025-09-11 02:08:18,84.8
2025-09-11 02:08:19,83.7
2025-09-11 02:08:20,84.8
2025-09-11 02:08:21,83.7
2025-09-11 02:08:22,84.25
2025-09-11 02:08:23,83.7
2025-09-11 02:08:24,84.25
2025-09-11 02:08:25,83.7
2025-09-11 02:08:26,82.6
2025-09-11 02:08:27,83.7
2025-09-11 02:08:28,83.7
2025-09-11 02:08:29,83.7
2025-09-11 02:08:30,85.9
2025-09-11 02:08:31,84.25
2025-09-11 02:08:32,85.9
2025-09-11 02:08:33,83.7
2025-09-11 02:08:34,85.35
2025-09-11 02:08:35,84.25
2025-09-11 02:08:36,82.6
2025-09-11 02:08:37,84.25
2025-09-11 02:08:38,83.7
2025-09-11 02:08:39,84.8
2025-09-11 02:08:40,84.25
2025-09-11 02:08:41,83.7
2025-09-11 02:08:42,85.9
2025-09-11 02:08:43,85.35
2025-09-11 02:08:44,84.25
2025-09-11 02:08:45,84.25
2025-09-11 02:08:46,84.25
2025-09-11 02:08:47,84.25
2025-09-11 02:08:48,84.8
2025-09-11 02:08:49,84.8
2025-09-11 02:08:50,85.9
2025-09-11 02:08:51,83.7
2025-09-11 02:08:52,83.7
2025-09-11 02:08:53,84.25
2025-09-11 02:08:54,83.7
2025-09-11 02:08:55,84.25
2025-09-11 02:08:56,84.25
2025-09-11 02:08:57,83.7
2025-09-11 02:08:58,84.8
2025-09-11 02:08:59,83.7
2025-09-11 02:09:00,83.15
2025-09-11 02:09:01,84.8
2025-09-11 02:09:02,84.25
2025-09-11 02:09:03,85.35
2025-09-11 02:09:04,83.7
2025-09-11 02:09:05,83.7
2025-09-11 02:09:06,84.8
2025-09-11 02:09:07,83.7
2025-09-11 02:09:08,84.25
2025-09-11 02:09:09,85.35
2025-09-11 02:09:10,84.25
2025-09-11 02:09:11,84.8
2025-09-11 02:09:12,85.35
2025-09-11 02:09:13,84.25
2025-09-11 02:09:14,84.25
2025-09-11 02:09:15,85.9
2025-09-11 02:09:16,84.25
2025-09-11 02:09:17,85.35
2025-09-11 02:09:18,83.7
2025-09-11 02:09:19,84.25
2025-09-11 02:09:20,84.8
2025-09-11 02:09:21,83.7
2025-09-11 02:09:22,83.15
2025-09-11 02:09:23,84.8
2025-09-11 02:09:24,84.25
2025-09-11 02:09:25,84.25
2025-09-11 02:09:26,84.8
2025-09-11 02:09:27,83.7
2025-09-11 02:09:28,84.8
2025-09-11 02:09:29,85.35
2025-09-11 02:09:30,84.8
2025-09-11 02:09:31,84.25
2025-09-11 02:09:32,84.8
2025-09-11 02:09:33,83.7
2025-09-11 02:09:34,85.35
2025-09-11 02:09:35,84.25
2025-09-11 02:09:36,84.8
2025-09-11 02:09:37,84.8
2025-09-11 02:09:38,85.35
2025-09-11 02:09:39,84.8
2025-09-11 02:09:40,84.8
2025-09-11 02:09:41,83.7
2025-09-11 02:09:42,84.8
2025-09-11 02:09:43,85.35
2025-09-11 02:09:44,84.8
2025-09-11 02:09:45,85.35
2025-09-11 02:09:46,84.8
2025-09-11 02:09:47,85.9
2025-09-11 02:09:48,84.8
2025-09-11 02:09:49,83.15
2025-09-11 02:09:50,83.7
2025-09-11 02:09:51,84.8
2025-09-11 02:09:52,85.35
2025-09-11 02:09:53,84.25
2025-09-11 02:09:54,85.9
2025-09-11 02:09:55,86.45
2025-09-11 02:09:56,83.15
2025-09-11 02:09:57,85.35
2025-09-11 02:09:58,84.8
2025-09-11 02:09:59,83.7
2025-09-11 02:10:00,83.7
2025-09-11 02:10:01,85.35
2025-09-11 02:10:02,84.25
2025-09-11 02:10:03,85.9
2025-09-11 02:10:04,83.15
2025-09-11 02:10:05,83.15
2025-09-11 02:10:06,83.7
2025-09-11 02:10:07,84.25
2025-09-11 02:10:08,84.25
2025-09-11 02:10:09,83.7
2025-09-11 02:10:10,84.25
2025-09-11 02:10:11,84.8
2025-09-11 02:10:12,83.15
2025-09-11 02:10:13,85.35
2025-09-11 02:10:14,87.0
2025-09-11 02:10:15,84.8
2025-09-11 02:10:16,84.25
2025-09-11 02:10:17,82.05
2025-09-11 02:10:18,84.25
2025-09-11 02:10:19,82.6
2025-09-11 02:10:20,84.8
2025-09-11 02:10:21,83.7
2025-09-11 02:10:22,84.25
2025-09-11 02:10:23,83.7
2025-09-11 02:10:24,85.35
2025-09-11 02:10:25,82.6
2025-09-11 02:10:26,84.25
2025-09-11 02:10:27,83.15
2025-09-11 02:10:28,82.6
2025-09-11 02:10:29,83.7
2025-09-11 02:10:30,84.8
2025-09-11 02:10:31,84.8
2025-09-11 02:10:32,84.8
2025-09-11 02:10:33,84.25
2025-09-11 02:10:34,83.7
2025-09-11 02:10:35,84.25
2025-09-11 02:10:36,82.6
2025-09-11 02:10:37,84.25
2025-09-11 02:10:38,84.8
2025-09-11 02:10:39,85.35
2025-09-11 02:10:40,83.15
2025-09-11 02:10:41,84.8
2025-09-11 02:10:42,84.25
2025-09-11 02:10:43,83.15
2025-09-11 02:10:44,85.35
2025-09-11 02:10:45,84.8
2025-09-11 02:10:46,85.9
2025-09-11 02:10:47,84.8
2025-09-11 02:10:48,83.7
2025-09-11 02:10:49,83.7
2025-09-11 02:10:50,82.05
2025-09-11 02:10:51,83.15
2025-09-11 02:10:52,83.7
2025-09-11 02:10:53,83.7
2025-09-11 02:10:54,83.7
2025-09-11 02:10:55,85.35
2025-09-11 02:10:56,87.0
2025-09-11 02:10:57,83.7
2025-09-11 02:10:58,84.8
2025-09-11 02:10:59,84.25
2025-09-11 02:11:00,83.7
2025-09-11 02:11:01,84.25
2025-09-11 02:11:02,80.95
2025-09-11 02:11:03,80.4
2025-09-11 02:11:04,82.6
2025-09-11 02:11:05,83.7
2025-09-11 02:11:06,83.7
2025-09-11 02:11:07,84.8
2025-09-11 02:11:08,84.25
2025-09-11 02:11:09,85.35
2025-09-11 02:11:10,83.15
2025-09-11 02:11:11,84.8
2025-09-11 02:11:12,82.05
2025-09-11 02:11:13,83.7
2025-09-11 02:11:14,83.7
2025-09-11 02:11:15,85.35
2025-09-11 02:11:16,83.7
2025-09-11 02:11:17,84.25
2025-09-11 02:11:18,84.25
2025-09-11 02:11:19,85.35
2025-09-11 02:11:20,84.25
2025-09-11 02:11:21,84.25
2025-09-11 02:11:22,83.7
2025-09-11 02:11:23,85.35
2025-09-11 02:11:24,83.7
2025-09-11 02:11:25,84.8
2025-09-11 02:11:26,84.25
2025-09-11 02:11:27,83.7
2025-09-11 02:11:28,83.7
2025-09-11 02:11:29,84.25
2025-09-11 02:11:30,83.15
2025-09-11 02:11:31,84.8
2025-09-11 02:11:32,83.7
2025-09-11 02:11:33,84.25
2025-09-11 02:11:34,85.35
2025-09-11 02:11:35,83.15
2025-09-11 02:11:36,85.35
2025-09-11 02:11:37,83.7
2025-09-11 02:11:38,84.8
2025-09-11 02:11:39,84.25
2025-09-11 02:11:40,83.7
2025-09-11 02:11:41,84.25
2025-09-11 02:11:42,84.8
2025-09-11 02:11:43,84.8
2025-09-11 02:11:44,84.25
2025-09-11 02:11:45,83.7
2025-09-11 02:11:46,84.8
2025-09-11 02:11:47,84.8
2025-09-11 02:11:48,85.35
2025-09-11 02:11:49,85.35
2025-09-11 02:11:50,83.7
2025-09-11 02:11:51,84.8
2025-09-11 02:11:52,86.45
2025-09-11 02:11:53,84.8
2025-09-11 02:11:54,85.35
2025-09-11 02:11:55,85.35
2025-09-11 02:11:56,84.25
2025-09-11 02:11:57,85.35
2025-09-11 02:11:58,85.35
2025-09-11 02:11:59,83.7
2025-09-11 02:12:00,85.9
2025-09-11 02:12:01,83.15
2025-09-11 02:12:02,84.8
2025-09-11 02:12:03,84.8
2025-09-11 02:12:04,84.8
2025-09-11 02:12:05,83.7
2025-09-11 02:12:06,84.25
2025-09-11 02:12:07,84.8
2025-09-11 02:12:08,84.25
2025-09-11 02:12:09,84.8
2025-09-11 02:12:10,84.25
2025-09-11 02:12:11,84.8
2025-09-11 02:12:12,84.8
2025-09-11 02:12:13,84.25
2025-09-11 02:12:14,85.9
2025-09-11 02:12:15,84.25
2025-09-11 02:12:16,87.0
2025-09-11 02:12:17,84.8
2025-09-11 02:12:18,84.8
2025-09-11 02:12:19,84.25
2025-09-11 02:12:20,83.15
2025-09-11 02:12:21,84.25
2025-09-11 02:12:22,84.25
2025-09-11 02:12:23,84.25
2025-09-11 02:12:24,84.25
2025-09-11 02:12:25,84.25
2025-09-11 02:12:26,85.35
2025-09-11 02:12:27,84.25
2025-09-11 02:12:28,84.8
2025-09-11 02:12:29,82.05
2025-09-11 02:12:30,84.25
2025-09-11 02:12:31,84.25
2025-09-11 02:12:32,84.25
2025-09-11 02:12:33,84.25
2025-09-11 02:12:34,84.25
2025-09-11 02:12:35,84.8
2025-09-11 02:12:36,84.25
2025-09-11 02:12:37,83.7
2025-09-11 02:12:38,86.45
2025-09-11 02:12:39,85.35
2025-09-11 02:12:40,85.9
2025-09-11 02:12:41,84.8
2025-09-11 02:12:42,85.9
2025-09-11 02:12:43,83.7
2025-09-11 02:12:44,84.25
2025-09-11 02:12:45,83.7
2025-09-11 02:12:46,83.15
2025-09-11 02:12:47,84.25
2025-09-11 02:12:48,85.9
2025-09-11 02:12:49,84.25
2025-09-11 02:12:50,83.15
2025-09-11 02:12:51,84.25
2025-09-11 02:12:52,83.7
2025-09-11 02:12:53,84.25
2025-09-11 02:12:54,85.35
2025-09-11 02:12:55,84.8
2025-09-11 02:12:56,84.25
2025-09-11 02:12:57,83.7
2025-09-11 02:12:58,83.15
2025-09-11 02:12:59,83.7
2025-09-11 02:13:00,82.05
2025-09-11 02:13:01,83.15
2025-09-11 02:13:02,83.7
2025-09-11 02:13:03,85.35
2025-09-11 02:13:04,84.8
2025-09-11 02:13:05,85.9
2025-09-11 02:13:06,84.25
2025-09-11 02:13:07,84.8
2025-09-11 02:13:08,84.25
2025-09-11 02:13:09,85.9
2025-09-11 02:13:10,85.35
2025-09-11 02:13:11,85.9
2025-09-11 02:13:12,84.8
2025-09-11 02:13:13,84.25
2025-09-11 02:13:14,84.8
2025-09-11 02:13:15,84.25
2025-09-11 02:13:16,83.7
2025-09-11 02:13:17,83.15
2025-09-11 02:13:18,84.25
2025-09-11 02:13:19,83.7
2025-09-11 02:13:20,84.8
2025-09-11 02:13:21,84.25
2025-09-11 02:13:22,85.9
2025-09-11 02:13:23,84.25
2025-09-11 02:13:24,83.7
2025-09-11 02:13:25,86.45
2025-09-11 02:13:26,85.35
2025-09-11 02:13:27,83.7
2025-09-11 02:13:28,84.25
2025-09-11 02:13:29,85.35
2025-09-11 02:13:30,85.35
2025-09-11 02:13:31,84.25
2025-09-11 02:13:32,84.8
2025-09-11 02:13:33,84.25
2025-09-11 02:13:34,84.25
2025-09-11 02:13:35,84.25
2025-09-11 02:13:36,84.8
2025-09-11 02:13:37,85.35
2025-09-11 02:13:38,84.8
2025-09-11 02:13:39,84.25
2025-09-11 02:13:40,83.7
2025-09-11 02:13:41,83.7
2025-09-11 02:13:42,84.8
2025-09-11 02:13:43,84.8
2025-09-11 02:13:44,83.7
2025-09-11 02:13:45,84.25
2025-09-11 02:13:46,85.35
2025-09-11 02:13:47,86.45
2025-09-11 02:13:48,82.6
2025-09-11 02:13:49,84.25
2025-09-11 02:13:50,84.8
2025-09-11 02:13:51,84.25
2025-09-11 02:13:52,84.25
2025-09-11 02:13:53,84.25
2025-09-11 02:13:54,83.15
2025-09-11 02:13:55,84.25
2025-09-11 02:13:56,84.25
2025-09-11 02:13:57,84.8
2025-09-11 02:13:58,84.8
2025-09-11 02:13:59,84.25
2025-09-11 02:14:00,84.8
2025-09-11 02:14:01,83.7
2025-09-11 02:14:02,85.35
2025-09-11 02:14:03,84.8
2025-09-11 02:14:04,84.25
2025-09-11 02:14:05,84.25
2025-09-11 02:14:06,84.8
2025-09-11 02:14:07,83.7
2025-09-11 02:14:08,86.45
2025-09-11 02:14:09,85.9
2025-09-11 02:14:10,84.8
2025-09-11 02:14:11,83.15
2025-09-11 02:14:12,83.7
2025-09-11 02:14:13,84.25
2025-09-11 02:14:14,84.8
2025-09-11 02:14:15,83.7
2025-09-11 02:14:16,83.7
2025-09-11 02:14:17,84.8
2025-09-11 02:14:18,84.25
2025-09-11 02:14:19,86.45
2025-09-11 02:14:20,83.7
2025-09-11 02:14:21,83.7
2025-09-11 02:14:22,83.15
2025-09-11 02:14:23,84.8
2025-09-11 02:14:24,84.8
2025-09-11 02:14:25,84.8
2025-09-11 02:14:26,84.25
2025-09-11 02:14:27,83.15
2025-09-11 02:14:28,84.8
2025-09-11 02:14:29,84.8
2025-09-11 02:14:30,83.7
2025-09-11 02:14:31,84.25
2025-09-11 02:14:32,84.25
2025-09-11 02:14:33,84.8
2025-09-11 02:14:34,83.7
2025-09-11 02:14:35,84.25
2025-09-11 02:14:36,85.9
2025-09-11 02:14:37,86.45
2025-09-11 02:14:38,82.05
2025-09-11 02:14:39,83.7
2025-09-11 02:14:40,84.25
2025-09-11 02:14:41,83.15
2025-09-11 02:14:42,84.25
2025-09-11 02:14:43,84.8
2025-09-11 02:14:44,84.25
2025-09-11 02:14:45,83.7
2025-09-11 02:14:46,85.35
2025-09-11 02:14:47,84.25
2025-09-11 02:14:48,85.9
2025-09-11 02:14:49,84.25
2025-09-11 02:14:50,85.35
2025-09-11 02:14:51,84.25
2025-09-11 02:14:52,83.15
2025-09-11 02:14:53,83.15
2025-09-11 02:14:54,83.7
2025-09-11 02:14:55,84.25
2025-09-11 02:14:56,85.35
2025-09-11 02:14:57,85.9
2025-09-11 02:14:58,86.45
2025-09-11 02:14:59,84.25
2025-09-11 02:15:00,84.8
2025-09-11 02:15:01,84.8
2025-09-11 02:15:02,84.8
2025-09-11 02:15:03,84.25
2025-09-11 02:15:04,83.7
2025-09-11 02:15:05,83.15
2025-09-11 02:15:06,84.8
2025-09-11 02:15:07,84.8
2025-09-11 02:15:08,85.35
2025-09-11 02:15:09,84.25
2025-09-11 02:15:10,84.25
2025-09-11 02:15:11,85.9
2025-09-11 02:15:12,84.8
2025-09-11 02:15:13,84.25
2025-09-11 02:15:14,85.35
2025-09-11 02:15:15,84.25
2025-09-11 02:15:16,85.9
2025-09-11 02:15:17,84.8
2025-09-11 02:15:18,84.25
2025-09-11 02:15:19,85.9
2025-09-11 02:15:20,84.8
2025-09-11 02:15:21,83.15
2025-09-11 02:15:22,85.9
2025-09-11 02:15:23,83.7
2025-09-11 02:15:24,85.35
2025-09-11 02:15:25,85.35
2025-09-11 02:15:26,84.25
2025-09-11 02:15:27,84.25
2025-09-11 02:15:28,84.8
2025-09-11 02:15:29,84.25
2025-09-11 02:15:30,84.25
2025-09-11 02:15:31,84.25
2025-09-11 02:15:32,84.25
2025-09-11 02:15:33,85.35
2025-09-11 02:15:34,85.35
2025-09-11 02:15:35,85.35
2025-09-11 02:15:36,83.7
2025-09-11 02:15:37,84.25
2025-09-11 02:15:38,84.8
2025-09-11 02:15:39,85.9
2025-09-11 02:15:40,84.25
2025-09-11 02:15:41,83.15
2025-09-11 02:15:42,84.8
2025-09-11 02:15:43,83.15
2025-09-11 02:15:44,85.9
2025-09-11 02:15:45,85.35
2025-09-11 02:15:46,84.25
2025-09-11 02:15:47,84.8
2025-09-11 02:15:48,84.8
2025-09-11 02:15:49,83.7
2025-09-11 02:15:50,84.25
2025-09-11 02:15:51,83.7
2025-09-11 02:15:52,84.8
2025-09-11 02:15:53,84.25
2025-09-11 02:15:54,84.8
2025-09-11 02:15:55,82.6
2025-09-11 02:15:56,84.25
2025-09-11 02:15:57,84.25
2025-09-11 02:15:58,85.35
2025-09-11 02:15:59,84.8
2025-09-11 02:16:00,85.9
2025-09-11 02:16:01,83.7
2025-09-11 02:16:02,84.8
2025-09-11 02:16:03,83.7
2025-09-11 02:16:04,82.05
2025-09-11 02:16:05,85.35
2025-09-11 02:16:06,83.7
2025-09-11 02:16:07,83.7
2025-09-11 02:16:08,84.25
2025-09-11 02:16:09,84.25
2025-09-11 02:16:10,85.35
2025-09-11 02:16:11,84.25
2025-09-11 02:16:12,83.7
2025-09-11 02:16:13,84.25
2025-09-11 02:16:14,85.9
2025-09-11 02:16:15,84.8
2025-09-11 02:16:16,83.7
2025-09-11 02:16:17,85.35
2025-09-11 02:16:18,84.25
2025-09-11 02:16:19,83.7
2025-09-11 02:16:20,85.9
2025-09-11 02:16:21,85.9
2025-09-11 02:16:22,83.7
2025-09-11 02:16:23,85.9
2025-09-11 02:16:24,83.15
2025-09-11 02:16:25,84.8
2025-09-11 02:16:26,84.25
2025-09-11 02:16:27,84.25
2025-09-11 02:16:28,83.7
2025-09-11 02:16:29,84.8
2025-09-11 02:16:30,84.25
2025-09-11 02:16:31,84.8
2025-09-11 02:16:32,83.7
2025-09-11 02:16:33,85.35
2025-09-11 02:16:34,82.6
2025-09-11 02:16:35,85.35
2025-09-11 02:16:36,84.8
2025-09-11 02:16:37,84.8
2025-09-11 02:16:38,83.7
2025-09-11 02:16:39,84.25
2025-09-11 02:16:40,85.9
2025-09-11 02:16:41,84.25
2025-09-11 02:16:42,84.25
2025-09-11 02:16:43,83.7
2025-09-11 02:16:44,84.8
2025-09-11 02:16:45,84.25
2025-09-11 02:16:46,83.7
2025-09-11 02:16:47,85.9
2025-09-11 02:16:48,86.45
2025-09-11 02:16:49,84.25
2025-09-11 02:16:50,85.35
2025-09-11 02:16:51,84.8
2025-09-11 02:16:52,83.7
2025-09-11 02:16:53,84.8
2025-09-11 02:16:54,85.9
2025-09-11 02:16:55,84.25
2025-09-11 02:16:56,84.8
2025-09-11 02:16:57,84.25
2025-09-11 02:16:58,84.25
2025-09-11 02:16:59,83.7
2025-09-11 02:17:01,84.8
2025-09-11 02:17:02,86.45
2025-09-11 02:17:03,85.35
2025-09-11 02:17:04,84.8
2025-09-11 02:17:05,86.45
2025-09-11 02:17:06,85.9
2025-09-11 02:17:07,83.7
2025-09-11 02:17:08,84.8
2025-09-11 02:17:09,84.25
2025-09-11 02:17:10,84.8
2025-09-11 02:17:11,84.25
2025-09-11 02:17:12,83.7
2025-09-11 02:17:13,85.9
2025-09-11 02:17:14,83.7
2025-09-11 02:17:15,83.15
2025-09-11 02:17:16,86.45
2025-09-11 02:17:17,85.35
2025-09-11 02:17:18,85.9
2025-09-11 02:17:19,83.7
2025-09-11 02:17:20,83.7
2025-09-11 02:17:21,84.8
2025-09-11 02:17:22,84.25
2025-09-11 02:17:23,84.25
2025-09-11 02:17:24,85.35
2025-09-11 02:17:25,85.35
2025-09-11 02:17:26,84.8
2025-09-11 02:17:27,85.35
2025-09-11 02:17:28,84.8
2025-09-11 02:17:29,83.7
2025-09-11 02:17:30,84.8
2025-09-11 02:17:31,84.8
2025-09-11 02:17:32,84.25
2025-09-11 02:17:33,85.35
2025-09-11 02:17:34,84.8
2025-09-11 02:17:35,84.8
2025-09-11 02:17:36,84.8
2025-09-11 02:17:37,83.7
2025-09-11 02:17:38,83.7
2025-09-11 02:17:39,85.35
2025-09-11 02:17:40,84.25
2025-09-11 02:17:41,84.8
2025-09-11 02:17:42,85.35
2025-09-11 02:17:43,83.7
2025-09-11 02:17:44,83.7
2025-09-11 02:17:45,82.6
2025-09-11 02:17:46,85.35
2025-09-11 02:17:47,83.7
2025-09-11 02:17:48,84.8
2025-09-11 02:17:49,84.25
2025-09-11 02:17:50,86.45
2025-09-11 02:17:51,85.9
2025-09-11 02:17:52,85.9
2025-09-11 02:17:53,84.8
2025-09-11 02:17:54,84.25
2025-09-11 02:17:55,84.8
2025-09-11 02:17:56,85.9
2025-09-11 02:17:57,84.8
2025-09-11 02:17:58,84.25
2025-09-11 02:17:59,84.25
2025-09-11 02:18:00,83.7
2025-09-11 02:18:01,84.25
2025-09-11 02:18:02,85.9
2025-09-11 02:18:03,83.7
2025-09-11 02:18:04,84.25
2025-09-11 02:18:05,84.8
2025-09-11 02:18:06,83.7
2025-09-11 02:18:07,83.7
2025-09-11 02:18:08,85.35
2025-09-11 02:18:09,84.25
2025-09-11 02:18:10,84.8
2025-09-11 02:18:11,83.7
2025-09-11 02:18:12,84.8
2025-09-11 02:18:13,81.5
2025-09-11 02:18:14,84.25
2025-09-11 02:18:15,83.15
2025-09-11 02:18:16,84.8
2025-09-11 02:18:17,83.7
2025-09-11 02:18:18,84.8
2025-09-11 02:18:19,85.35
2025-09-11 02:18:20,84.8
2025-09-11 02:18:21,85.35
2025-09-11 02:18:22,84.25
2025-09-11 02:18:23,83.7
2025-09-11 02:18:24,84.8
2025-09-11 02:18:25,84.25
2025-09-11 02:18:26,82.05
2025-09-11 02:18:27,83.15
2025-09-11 02:18:28,85.9
2025-09-11 02:18:29,84.8
2025-09-11 02:18:30,86.45
2025-09-11 02:18:31,84.8
2025-09-11 02:18:32,84.25
2025-09-11 02:18:33,85.9
2025-09-11 02:18:34,85.9
2025-09-11 02:18:35,83.7
2025-09-11 02:18:36,84.25
2025-09-11 02:18:37,85.9
2025-09-11 02:18:38,84.25
2025-09-11 02:18:39,85.9
2025-09-11 02:18:40,84.8
2025-09-11 02:18:41,85.35
2025-09-11 02:18:42,84.8
2025-09-11 02:18:43,84.25
2025-09-11 02:18:44,83.7
2025-09-11 02:18:45,84.25
2025-09-11 02:18:46,85.35
2025-09-11 02:18:47,86.45
2025-09-11 02:18:48,85.9
2025-09-11 02:18:49,84.8
2025-09-11 02:18:50,83.15
2025-09-11 02:18:51,85.35
2025-09-11 02:18:52,83.7
2025-09-11 02:18:53,84.8
2025-09-11 02:18:54,83.7
2025-09-11 02:18:55,84.25
2025-09-11 02:18:56,83.7
2025-09-11 02:18:57,80.95
2025-09-11 02:18:58,79.85
2025-09-11 02:18:59,84.8
2025-09-11 02:19:00,84.25
2025-09-11 02:19:01,83.15
2025-09-11 02:19:02,84.8
2025-09-11 02:19:03,85.35
2025-09-11 02:19:04,84.8
2025-09-11 02:19:05,83.7
2025-09-11 02:19:06,83.7
2025-09-11 02:19:07,84.8
2025-09-11 02:19:08,84.8
2025-09-11 02:19:09,83.15
2025-09-11 02:19:10,85.9
2025-09-11 02:19:11,84.8
2025-09-11 02:19:12,83.7
2025-09-11 02:19:13,85.35
2025-09-11 02:19:14,85.9
2025-09-11 02:19:15,83.7
2025-09-11 02:19:16,84.8
2025-09-11 02:19:17,83.7
2025-09-11 02:19:18,84.8
2025-09-11 02:19:19,84.8
2025-09-11 02:19:20,85.35
2025-09-11 02:19:21,84.8
2025-09-11 02:19:22,83.7
2025-09-11 02:19:23,83.7
2025-09-11 02:19:24,84.25
2025-09-11 02:19:25,84.8
2025-09-11 02:19:26,83.15
2025-09-11 02:19:27,83.7
2025-09-11 02:19:28,84.25
2025-09-11 02:19:29,85.9
2025-09-11 02:19:30,82.05
2025-09-11 02:19:31,84.25
2025-09-11 02:19:32,85.35
2025-09-11 02:19:33,85.9
2025-09-11 02:19:34,84.25
2025-09-11 02:19:35,83.7
2025-09-11 02:19:36,87.0
2025-09-11 02:19:37,83.15
2025-09-11 02:19:38,84.25
2025-09-11 02:19:39,84.8
2025-09-11 02:19:40,85.35
2025-09-11 02:19:41,84.25
2025-09-11 02:19:42,85.35
2025-09-11 02:19:43,84.25
2025-09-11 02:19:44,84.8
2025-09-11 02:19:45,84.8
2025-09-11 02:19:46,84.25
2025-09-11 02:19:47,84.8
2025-09-11 02:19:48,84.8
2025-09-11 02:19:49,84.25
2025-09-11 02:19:50,85.35
2025-09-11 02:19:51,83.15
2025-09-11 02:19:52,84.8
2025-09-11 02:19:53,85.35
2025-09-11 02:19:54,85.35
2025-09-11 02:19:55,85.35
2025-09-11 02:19:56,83.7
2025-09-11 02:19:57,82.6
2025-09-11 02:19:58,85.35
2025-09-11 02:19:59,83.7
2025-09-11 02:20:00,84.8
2025-09-11 02:20:01,84.8
2025-09-11 02:20:02,85.35
2025-09-11 02:20:03,85.35
2025-09-11 02:20:04,83.7
2025-09-11 02:20:05,84.25
2025-09-11 02:20:06,85.35
2025-09-11 02:20:07,85.35
2025-09-11 02:20:08,84.8
2025-09-11 02:20:09,84.25
2025-09-11 02:20:10,83.15
2025-09-11 02:20:11,84.8
2025-09-11 02:20:12,83.7
2025-09-11 02:20:13,84.8
2025-09-11 02:20:14,84.25
2025-09-11 02:20:15,84.25
2025-09-11 02:20:16,84.8
2025-09-11 02:20:17,84.25
2025-09-11 02:20:18,84.25
2025-09-11 02:20:19,84.25
2025-09-11 02:20:20,84.8
2025-09-11 02:20:21,84.25
2025-09-11 02:20:22,85.35
2025-09-11 02:20:23,84.8
2025-09-11 02:20:24,85.35
2025-09-11 02:20:25,83.7
2025-09-11 02:20:26,84.8
2025-09-11 02:20:27,83.7
2025-09-11 02:20:28,84.25
2025-09-11 02:20:29,84.25
2025-09-11 02:20:30,85.35
2025-09-11 02:20:31,84.8
2025-09-11 02:20:32,83.15
2025-09-11 02:20:33,84.8
2025-09-11 02:20:34,83.7
2025-09-11 02:20:35,83.15
2025-09-11 02:20:36,84.8
2025-09-11 02:20:37,84.25
2025-09-11 02:20:38,86.45
2025-09-11 02:20:39,84.8
2025-09-11 02:20:40,84.8
2025-09-11 02:20:41,84.8
2025-09-11 02:20:42,84.25
2025-09-11 02:20:43,83.7
2025-09-11 02:20:44,84.25
2025-09-11 02:20:45,84.25
2025-09-11 02:20:46,83.7
2025-09-11 02:20:47,83.7
2025-09-11 02:20:48,83.15
2025-09-11 02:20:49,84.25
2025-09-11 02:20:50,84.25
2025-09-11 02:20:51,83.7
2025-09-11 02:20:52,83.7
2025-09-11 02:20:53,84.8
2025-09-11 02:20:54,84.25
2025-09-11 02:20:55,83.7
2025-09-11 02:20:56,86.45
2025-09-11 02:20:57,83.7
2025-09-11 02:20:58,84.8
2025-09-11 02:20:59,84.8
2025-09-11 02:21:00,83.7
2025-09-11 02:21:01,83.15
2025-09-11 02:21:02,84.25
2025-09-11 02:21:03,85.35
2025-09-11 02:21:04,84.8
2025-09-11 02:21:05,85.35
2025-09-11 02:21:06,83.7
2025-09-11 02:21:07,84.25
2025-09-11 02:21:08,84.25
2025-09-11 02:21:09,84.25
2025-09-11 02:21:10,86.45
2025-09-11 02:21:11,84.8
2025-09-11 02:21:12,84.8
2025-09-11 02:21:13,83.15
2025-09-11 02:21:14,83.7
2025-09-11 02:21:15,84.8
2025-09-11 02:21:16,83.7
2025-09-11 02:21:17,83.7
2025-09-11 02:21:18,83.7
2025-09-11 02:21:19,84.8
2025-09-11 02:21:20,84.25
2025-09-11 02:21:21,83.7
2025-09-11 02:21:22,85.35
2025-09-11 02:21:23,83.15
2025-09-11 02:21:24,84.25
2025-09-11 02:21:25,84.25
2025-09-11 02:21:26,84.8
2025-09-11 02:21:27,85.35
2025-09-11 02:21:28,83.7
2025-09-11 02:21:29,83.15
2025-09-11 02:21:30,84.25
2025-09-11 02:21:31,84.8
2025-09-11 02:21:32,85.35
2025-09-11 02:21:33,83.7
2025-09-11 02:21:34,82.05
2025-09-11 02:21:35,84.25
2025-09-11 02:21:36,84.25
2025-09-11 02:21:37,83.7
2025-09-11 02:21:38,84.8
2025-09-11 02:21:39,84.25
2025-09-11 02:21:40,83.7
2025-09-11 02:21:41,85.9
2025-09-11 02:21:42,84.8
2025-09-11 02:21:43,85.35
2025-09-11 02:21:44,85.35
2025-09-11 02:21:45,84.25
2025-09-11 02:21:46,84.8
2025-09-11 02:21:47,83.7
2025-09-11 02:21:48,84.25
2025-09-11 02:21:49,83.7
2025-09-11 02:21:50,85.35
2025-09-11 02:21:51,84.8
2025-09-11 02:21:52,85.9
2025-09-11 02:21:53,85.9
2025-09-11 02:21:54,83.7
2025-09-11 02:21:55,83.7
2025-09-11 02:21:56,83.7
2025-09-11 02:21:57,85.9
2025-09-11 02:21:58,85.9
2025-09-11 02:21:59,84.25
2025-09-11 02:22:00,85.9
2025-09-11 02:22:01,84.8
2025-09-11 02:22:02,84.8
2025-09-11 02:22:03,83.15
2025-09-11 02:22:04,84.25
2025-09-11 02:22:05,84.8
2025-09-11 02:22:06,84.25
2025-09-11 02:22:07,83.7
2025-09-11 02:22:08,85.9
2025-09-11 02:22:09,83.7
2025-09-11 02:22:10,84.8
2025-09-11 02:22:11,85.35
2025-09-11 02:22:12,83.7
2025-09-11 02:22:13,84.8
2025-09-11 02:22:14,83.7
2025-09-11 02:22:15,83.7
2025-09-11 02:22:16,84.8
2025-09-11 02:22:17,84.25
2025-09-11 02:22:18,84.25
2025-09-11 02:22:19,85.9
2025-09-11 02:22:20,84.8
2025-09-11 02:22:21,84.25
2025-09-11 02:22:22,84.25
2025-09-11 02:22:23,84.8
2025-09-11 02:22:24,85.35
2025-09-11 02:22:25,83.15
2025-09-11 02:22:26,84.8
2025-09-11 02:22:27,83.7
2025-09-11 02:22:28,84.25
2025-09-11 02:22:29,85.35
2025-09-11 02:22:30,84.8
2025-09-11 02:22:31,84.25
2025-09-11 02:22:32,84.25
2025-09-11 02:22:33,85.9
2025-09-11 02:22:34,85.9
2025-09-11 02:22:35,83.7
2025-09-11 02:22:36,83.7
2025-09-11 02:22:37,84.25
2025-09-11 02:22:38,84.25
2025-09-11 02:22:39,83.15
2025-09-11 02:22:40,84.25
2025-09-11 02:22:41,84.25
2025-09-11 02:22:42,85.9
2025-09-11 02:22:43,83.15
2025-09-11 02:22:44,84.25
2025-09-11 02:22:45,84.25
2025-09-11 02:22:46,84.25
2025-09-11 02:22:47,83.7
2025-09-11 02:22:48,85.9
2025-09-11 02:22:49,83.7
2025-09-11 02:22:50,84.25
2025-09-11 02:22:51,84.25
2025-09-11 02:22:52,84.25
2025-09-11 02:22:53,86.45
2025-09-11 02:22:54,84.25
2025-09-11 02:22:55,83.7
2025-09-11 02:22:56,83.7
2025-09-11 02:22:57,84.8
2025-09-11 02:22:58,85.35
2025-09-11 02:22:59,84.25
2025-09-11 02:23:00,84.8
2025-09-11 02:23:01,84.25
2025-09-11 02:23:02,85.9
2025-09-11 02:23:03,85.35
2025-09-11 02:23:04,84.8
2025-09-11 02:23:05,83.7
2025-09-11 02:23:06,84.8
2025-09-11 02:23:07,84.8
2025-09-11 02:23:08,84.25
2025-09-11 02:23:09,84.8
2025-09-11 02:23:10,85.35
2025-09-11 02:23:11,83.7
2025-09-11 02:23:12,84.8
2025-09-11 02:23:13,84.25
2025-09-11 02:23:14,83.15
2025-09-11 02:23:15,83.15
2025-09-11 02:23:16,84.8
2025-09-11 02:23:17,83.7
2025-09-11 02:23:18,83.7
2025-09-11 02:23:19,84.25
2025-09-11 02:23:20,84.25
2025-09-11 02:23:21,84.8
2025-09-11 02:23:22,84.25
2025-09-11 02:23:23,85.35
2025-09-11 02:23:24,82.6
2025-09-11 02:23:25,84.25
2025-09-11 02:23:26,84.8
2025-09-11 02:23:27,84.25
2025-09-11 02:23:28,82.6
2025-09-11 02:23:29,85.9
2025-09-11 02:23:30,84.25
2025-09-11 02:23:31,83.7
2025-09-11 02:23:32,83.15
2025-09-11 02:23:33,85.9
2025-09-11 02:23:34,84.25
2025-09-11 02:23:35,84.25
2025-09-11 02:23:36,83.7
2025-09-11 02:23:37,84.8
2025-09-11 02:23:38,83.7
2025-09-11 02:23:39,83.7
2025-09-11 02:23:40,84.25
2025-09-11 02:23:41,83.15
2025-09-11 02:23:42,84.8
2025-09-11 02:23:43,84.8
2025-09-11 02:23:44,83.7
2025-09-11 02:23:45,84.8
2025-09-11 02:23:46,84.25
2025-09-11 02:23:47,85.35
2025-09-11 02:23:48,83.7
2025-09-11 02:23:49,84.8
2025-09-11 02:23:50,84.25
2025-09-11 02:23:51,84.8
2025-09-11 02:23:52,85.35
2025-09-11 02:23:53,83.7
2025-09-11 02:23:54,85.35
2025-09-11 02:23:55,84.25
2025-09-11 02:23:56,82.6
2025-09-11 02:23:57,85.9
2025-09-11 02:23:58,83.15
2025-09-11 02:23:59,83.15
2025-09-11 02:24:00,83.15
2025-09-11 02:24:01,84.25
2025-09-11 02:24:02,84.8
2025-09-11 02:24:03,84.8
2025-09-11 02:24:04,84.8
2025-09-11 02:24:05,85.35
2025-09-11 02:24:06,84.8
2025-09-11 02:24:07,84.25
2025-09-11 02:24:08,84.25
2025-09-11 02:24:09,83.7
2025-09-11 02:24:10,85.35
2025-09-11 02:24:11,84.25
2025-09-11 02:24:12,84.8
2025-09-11 02:24:13,86.45
2025-09-11 02:24:14,84.25
2025-09-11 02:24:15,83.7
2025-09-11 02:24:16,85.35
2025-09-11 02:24:17,85.35
2025-09-11 02:24:18,86.45
2025-09-11 02:24:19,84.25
2025-09-11 02:24:20,84.8
2025-09-11 02:24:21,83.7
2025-09-11 02:24:22,84.25
2025-09-11 02:24:23,85.9
2025-09-11 02:24:24,83.7
2025-09-11 02:24:25,85.35
2025-09-11 02:24:26,83.7
2025-09-11 02:24:27,85.9
2025-09-11 02:24:28,84.25
2025-09-11 02:24:29,84.25
2025-09-11 02:24:30,85.35
2025-09-11 02:24:31,84.8
2025-09-11 02:24:32,84.25
2025-09-11 02:24:33,83.7
2025-09-11 02:24:34,83.7
2025-09-11 02:24:35,85.35
2025-09-11 02:24:36,83.15
2025-09-11 02:24:37,84.25
2025-09-11 02:24:38,84.8
2025-09-11 02:24:39,85.35
2025-09-11 02:24:40,84.8
2025-09-11 02:24:41,84.25
2025-09-11 02:24:42,84.25
2025-09-11 02:24:43,83.7
2025-09-11 02:24:44,85.35
2025-09-11 02:24:45,84.25
2025-09-11 02:24:46,84.8
2025-09-11 02:24:47,83.15
2025-09-11 02:24:48,84.25
2025-09-11 02:24:49,83.15
2025-09-11 02:24:50,83.15
2025-09-11 02:24:51,83.7
2025-09-11 02:24:52,85.35
2025-09-11 02:24:53,83.7
2025-09-11 02:24:54,84.25
2025-09-11 02:24:55,84.8
2025-09-11 02:24:56,84.8
2025-09-11 02:24:57,85.9
2025-09-11 02:24:58,85.35
2025-09-11 02:24:59,82.6
2025-09-11 02:25:00,85.35
2025-09-11 02:25:01,83.7
2025-09-11 02:25:02,84.25
2025-09-11 02:25:03,84.25
2025-09-11 02:25:04,83.7
2025-09-11 02:25:05,83.7
2025-09-11 02:25:06,84.8
2025-09-11 02:25:07,84.8
2025-09-11 02:25:08,83.15
2025-09-11 02:25:09,83.7
2025-09-11 02:25:10,85.9
2025-09-11 02:25:11,82.05
2025-09-11 02:25:12,84.8
2025-09-11 02:25:13,84.8
2025-09-11 02:25:14,84.25
2025-09-11 02:25:15,84.8
2025-09-11 02:25:16,85.35
2025-09-11 02:25:17,85.9
2025-09-11 02:25:18,83.7
2025-09-11 02:25:19,84.8
2025-09-11 02:25:20,83.7
2025-09-11 02:25:21,84.25
2025-09-11 02:25:22,85.35
2025-09-11 02:25:23,84.8
2025-09-11 02:25:24,85.35
2025-09-11 02:25:25,84.25
2025-09-11 02:25:26,84.8
2025-09-11 02:25:27,83.7
2025-09-11 02:25:28,83.15
2025-09-11 02:25:29,85.35
2025-09-11 02:25:30,83.15
2025-09-11 02:25:31,84.25
2025-09-11 02:25:32,85.9
2025-09-11 02:25:33,83.7
2025-09-11 02:25:34,84.25
2025-09-11 02:25:35,83.7
2025-09-11 02:25:36,83.7
2025-09-11 02:25:37,83.15
2025-09-11 02:25:38,83.7
2025-09-11 02:25:39,84.25
2025-09-11 02:25:40,84.25
2025-09-11 02:25:41,85.35
2025-09-11 02:25:42,84.8
2025-09-11 02:25:43,83.7
2025-09-11 02:25:44,84.8
2025-09-11 02:25:45,83.7
2025-09-11 02:25:46,83.7
2025-09-11 02:25:47,85.35
2025-09-11 02:25:48,85.35
2025-09-11 02:25:49,85.35
2025-09-11 02:25:50,84.25
2025-09-11 02:25:51,82.6
2025-09-11 02:25:52,84.25
2025-09-11 02:25:53,83.15
2025-09-11 02:25:54,84.25
2025-09-11 02:25:55,84.25
2025-09-11 02:25:56,83.7
2025-09-11 02:25:57,83.7
2025-09-11 02:25:59,85.35
2025-09-11 02:26:00,83.15
2025-09-11 02:26:01,84.25
2025-09-11 02:26:02,83.7
2025-09-11 02:26:03,85.35
2025-09-11 02:26:04,84.25
2025-09-11 02:26:05,84.25
2025-09-11 02:26:06,82.05
2025-09-11 02:26:07,83.7
2025-09-11 02:26:08,84.25
2025-09-11 02:26:09,84.25
2025-09-11 02:26:10,84.25
2025-09-11 02:26:11,83.15
2025-09-11 02:26:12,84.25
2025-09-11 02:26:13,84.25
2025-09-11 02:26:14,83.7
2025-09-11 02:26:15,85.9
2025-09-11 02:26:16,84.8
2025-09-11 02:26:17,84.8
2025-09-11 02:26:18,84.25
2025-09-11 02:26:19,84.25
2025-09-11 02:26:20,84.25
2025-09-11 02:26:21,84.8
2025-09-11 02:26:22,84.8
2025-09-11 02:26:23,83.15
2025-09-11 02:26:24,83.15
2025-09-11 02:26:25,83.15
2025-09-11 02:26:26,85.9
2025-09-11 02:26:27,85.35
2025-09-11 02:26:28,85.9
2025-09-11 02:26:29,84.25
2025-09-11 02:26:30,84.8
2025-09-11 02:26:31,83.7
2025-09-11 02:26:32,83.7
2025-09-11 02:26:33,84.8
2025-09-11 02:26:34,83.15
2025-09-11 02:26:35,84.8
2025-09-11 02:26:36,83.7
2025-09-11 02:26:37,84.8
2025-09-11 02:26:38,83.7
2025-09-11 02:26:39,84.8
2025-09-11 02:26:40,85.9
2025-09-11 02:26:41,83.7
2025-09-11 02:26:42,85.35
2025-09-11 02:26:43,84.25
2025-09-11 02:26:44,85.35
2025-09-11 02:26:45,83.15
2025-09-11 02:26:46,85.9
2025-09-11 02:26:47,83.7
2025-09-11 02:26:48,84.25
2025-09-11 02:26:49,82.6
2025-09-11 02:26:50,85.35
2025-09-11 02:26:51,84.25
2025-09-11 02:26:52,84.8
2025-09-11 02:26:53,84.8
2025-09-11 02:26:54,84.25
2025-09-11 02:26:55,84.25
2025-09-11 02:26:56,85.9
2025-09-11 02:26:57,85.9
2025-09-11 02:26:58,82.6
2025-09-11 02:26:59,84.25
2025-09-11 02:27:00,84.8
2025-09-11 02:27:01,84.8
2025-09-11 02:27:02,84.8
2025-09-11 02:27:03,83.15
2025-09-11 02:27:04,83.7
2025-09-11 02:27:05,85.9
2025-09-11 02:27:06,84.8
2025-09-11 02:27:07,84.25
2025-09-11 02:27:08,84.25
2025-09-11 02:27:09,83.7
2025-09-11 02:27:10,84.25
2025-09-11 02:27:11,84.8
2025-09-11 02:27:12,83.7
2025-09-11 02:27:13,84.8
2025-09-11 02:27:14,84.8
2025-09-11 02:27:15,83.7
2025-09-11 02:27:16,83.7
2025-09-11 02:27:17,82.6
2025-09-11 02:27:18,83.7
2025-09-11 02:27:19,85.35
2025-09-11 02:27:20,84.8
2025-09-11 02:27:21,84.25
2025-09-11 02:27:22,84.8
2025-09-11 02:27:23,83.15
2025-09-11 02:27:24,85.9
2025-09-11 02:27:25,84.8
2025-09-11 02:27:26,83.7
2025-09-11 02:27:27,85.9
2025-09-11 02:27:28,84.8
2025-09-11 02:27:29,83.15
2025-09-11 02:27:30,83.15
2025-09-11 02:27:31,84.8
2025-09-11 02:27:32,84.8
2025-09-11 02:27:33,84.8
2025-09-11 02:27:34,83.15
2025-09-11 02:27:35,83.7
2025-09-11 02:27:36,83.15
2025-09-11 02:27:37,83.7
2025-09-11 02:27:38,83.15
2025-09-11 02:27:39,84.25
2025-09-11 02:27:40,84.25
2025-09-11 02:27:41,82.6
2025-09-11 02:27:42,83.7
2025-09-11 02:27:43,83.15
2025-09-11 02:27:44,84.8
2025-09-11 02:27:45,83.7
2025-09-11 02:27:46,84.8
2025-09-11 02:27:47,83.7
2025-09-11 02:27:48,84.25
2025-09-11 02:27:49,84.8
2025-09-11 02:27:50,84.8
2025-09-11 02:27:51,83.7
2025-09-11 02:27:52,82.05
2025-09-11 02:27:53,83.15
2025-09-11 02:27:54,83.7
2025-09-11 02:27:55,83.7
2025-09-11 02:27:56,83.7
2025-09-11 02:27:57,84.8
2025-09-11 02:27:58,83.7
2025-09-11 02:27:59,83.15
2025-09-11 02:28:00,83.7
2025-09-11 02:28:01,83.7
2025-09-11 02:28:02,84.25
2025-09-11 02:28:03,84.8
2025-09-11 02:28:04,83.7
2025-09-11 02:28:05,83.7
2025-09-11 02:28:06,84.8
2025-09-11 02:28:07,83.7
2025-09-11 02:28:08,84.25
2025-09-11 02:28:09,85.35
2025-09-11 02:28:10,84.25
2025-09-11 02:28:11,84.25
2025-09-11 02:28:12,83.15
2025-09-11 02:28:13,84.8
2025-09-11 02:28:14,83.7
2025-09-11 02:28:15,84.25
2025-09-11 02:28:16,84.25
2025-09-11 02:28:17,83.7
2025-09-11 02:28:18,83.7
2025-09-11 02:28:19,84.8
2025-09-11 02:28:20,84.25
2025-09-11 02:28:21,84.8
2025-09-11 02:28:22,85.35
2025-09-11 02:28:23,83.7
2025-09-11 02:28:24,84.25
2025-09-11 02:28:25,84.8
2025-09-11 02:28:26,84.8
2025-09-11 02:28:27,85.35
2025-09-11 02:28:28,84.8
2025-09-11 02:28:29,85.35
2025-09-11 02:28:30,84.8
2025-09-11 02:28:31,83.7
2025-09-11 02:28:32,84.8
2025-09-11 02:28:33,83.7
2025-09-11 02:28:34,84.8
2025-09-11 02:28:35,84.25
2025-09-11 02:28:36,84.8
2025-09-11 02:28:37,84.8
2025-09-11 02:28:38,85.35
2025-09-11 02:28:39,85.35
2025-09-11 02:28:40,83.15
2025-09-11 02:28:41,84.25
2025-09-11 02:28:42,85.9
2025-09-11 02:28:43,85.35
2025-09-11 02:28:44,85.9
2025-09-11 02:28:45,87.0
